Country,Year,SugarPerPerson,Income,FoodSupply
Afghanistan,1990,9.61,1.38,2040
Afghanistan,1991,10.8,1.32,1890
Afghanistan,1992,9.12,0.907,1910
Afghanistan,1993,8.22,0.672,1820
Afghanistan,1994,8.45,0.993,1840
Afghanistan,1995,7.24,0.941,1840
Afghanistan,1996,7.85,0.895,1870
Afghanistan,1997,8.34,0.855,1900
Afghanistan,1998,8.9,0.814,1850
Afghanistan,1999,8.74,0.788,1790
Afghanistan,2000,8.4,0.768,1740
Afghanistan,2001,9.46,1.62,1830
Afghanistan,2002,12.2,1.69,1890
Afghanistan,2003,15.5,1.64,1970
Afghanistan,2004,18.6,1.76,1950
Afghanistan,2005,19.7,1.8,1970
Afghanistan,2006,20.8,1.99,2050
Afghanistan,2007,23.4,2.02,2040
Afghanistan,2008,23.3,2.4,2080
Afghanistan,2009,24.3,2.67,2100
Afghanistan,2010,24.8,2.6,2110
Afghanistan,2011,25.4,2.83,2100
Afghanistan,2012,24.5,2.89,2090
Angola,1990,31.5,4.96,1610
Angola,1991,28.5,4.52,1630
Angola,1992,25.3,3.33,1560
Angola,1993,20.8,3.26,1640
Angola,1994,23.5,3.63,1690
Angola,1995,26.1,4,1730
Angola,1996,31.7,4.15,1730
Angola,1997,29.1,4.21,1750
Angola,1998,34.9,4.16,1810
Angola,1999,26.5,4.15,1790
Angola,2000,29.4,4,1830
Angola,2001,36.3,4.14,1920
Angola,2002,41.5,3.87,1980
Angola,2003,39.3,3.88,2030
Angola,2004,37.1,4,2080
Angola,2005,38.3,3.98,2120
Angola,2006,39.5,4.01,2170
Angola,2007,44.1,3.92,2250
Angola,2008,40.2,3.6,2300
Angola,2009,38.9,3.63,2350
Angola,2010,40.1,3.62,2410
Angola,2011,42.7,3.73,2380
Angola,2012,44.7,3.76,2470
Albania,1990,50.2,4.75,2570
Albania,1991,51.2,4.43,2650
Albania,1992,76.1,4.89,2800
Albania,1993,97.5,5.32,2880
Albania,1994,54.4,6.07,2720
Albania,1995,63,6.66,2840
Albania,1996,61.7,5.54,2730
Albania,1997,57,5.31,2730
Albania,1998,56.5,5.54,2800
Albania,1999,63.4,5.96,2730
Albania,2000,66.6,6.3,2800
Albania,2001,70.7,6.81,2860
Albania,2002,67,7.22,2770
Albania,2003,55,7.39,2790
Albania,2004,58.6,7.7,2870
Albania,2005,67.2,7.85,2860
Albania,2006,75.5,8.15,2860
Albania,2007,102,8.43,2950
Albania,2008,117,8.32,2990
Albania,2009,113,8.27,3080
Albania,2010,122,8.2,3130
Albania,2011,129,7.99,3180
Albania,2012,131,8.2,3190
United Arab Emirates,1990,97.7,135,3070
United Arab Emirates,1991,90.3,131,3200
United Arab Emirates,1992,101,126,3230
United Arab Emirates,1993,96.7,127,3320
United Arab Emirates,1994,104,129,3260
United Arab Emirates,1995,104,130,3250
United Arab Emirates,1996,98.6,133,3260
United Arab Emirates,1997,96.9,127,3310
United Arab Emirates,1998,92.6,124,3380
United Arab Emirates,1999,101,130,3300
United Arab Emirates,2000,102,210,3320
United Arab Emirates,2001,103,211,3360
United Arab Emirates,2002,105,202,3340
United Arab Emirates,2003,105,205,3290
United Arab Emirates,2004,110,187,3210
United Arab Emirates,2005,103,187,3200
United Arab Emirates,2006,88.9,180,3190
United Arab Emirates,2007,89.7,175,3150
United Arab Emirates,2008,94.1,113,3170
United Arab Emirates,2009,107,76.1,3160
United Arab Emirates,2010,95.3,80.6,3210
United Arab Emirates,2011,98.8,70.4,3230
United Arab Emirates,2012,101,73.6,3280
Argentina,1990,114,16.3,3010
Argentina,1991,116,16.5,3080
Argentina,1992,117,16.5,3120
Argentina,1993,125,16.3,3160
Argentina,1994,129,15.5,3160
Argentina,1995,124,15.2,3160
Argentina,1996,122,15.9,3130
Argentina,1997,120,15.4,3160
Argentina,1998,131,14.7,3270
Argentina,1999,131,14.4,3260
Argentina,2000,131,13.3,3210
Argentina,2001,128,9.32,2980
Argentina,2002,128,13.2,3010
Argentina,2003,131,14.2,3030
Argentina,2004,136,15.6,3110
Argentina,2005,133,17.3,3110
Argentina,2006,134,17.9,3150
Argentina,2007,133,18.3,3160
Argentina,2008,132,18.9,3130
Argentina,2009,131,19.5,3160
Argentina,2010,132,20.7,3160
Argentina,2011,131,20.5,3200
Argentina,2012,132,20.6,3230
Antigua and Barbuda,1990,91.2,16.3,2530
Antigua and Barbuda,1991,91.7,16.2,2550
Antigua and Barbuda,1992,82.2,16.7,2380
Antigua and Barbuda,1993,86.7,17.4,2260
Antigua and Barbuda,1994,89.3,16.3,2190
Antigua and Barbuda,1995,88.1,17,2190
Antigua and Barbuda,1996,85.9,17.6,2160
Antigua and Barbuda,1997,89.4,18,2150
Antigua and Barbuda,1998,87.5,18.3,2160
Antigua and Barbuda,1999,86.6,19.1,2150
Antigua and Barbuda,2000,86.7,18,2090
Antigua and Barbuda,2001,86.4,17.9,2070
Antigua and Barbuda,2002,83.5,18.7,2070
Antigua and Barbuda,2003,93.1,19.6,2110
Antigua and Barbuda,2004,79.7,20.5,2330
Antigua and Barbuda,2005,85,22.8,2330
Antigua and Barbuda,2006,87.3,24.5,2410
Antigua and Barbuda,2007,89.2,24.1,2380
Antigua and Barbuda,2008,87.6,20.9,2320
Antigua and Barbuda,2009,87.6,19,2320
Antigua and Barbuda,2010,79.6,18.4,2370
Antigua and Barbuda,2011,87.9,18.7,2290
Antigua and Barbuda,2012,90.1,18.4,2420
Australia,1990,133,35.9,3120
Australia,1991,139,35.3,3130
Australia,1992,126,34.6,3040
Australia,1993,122,34,3050
Australia,1994,132,34,3100
Australia,1995,124,34.6,3080
Australia,1996,134,35.1,3100
Australia,1997,132,36.3,3020
Australia,1998,120,37.6,3010
Australia,1999,123,38.6,2990
Australia,2000,125,39.2,3050
Australia,2001,125,39.7,3080
Australia,2002,128,40.4,3100
Australia,2003,128,44,3050
Australia,2004,128,46.8,3100
Australia,2005,127,48.4,3160
Australia,2006,130,52.9,3200
Australia,2007,129,55.6,3200
Australia,2008,126,54.7,3210
Australia,2009,126,55.4,3210
Australia,2010,127,57.5,3240
Australia,2011,126,58.5,3260
Australia,2012,126,58.5,3280
Austria,1990,120,46.5,3560
Austria,1991,120,47.2,3550
Austria,1992,116,47,3510
Austria,1993,135,47.5,3560
Austria,1994,131,40.5,3510
Austria,1995,131,44.9,3550
Austria,1996,128,45.4,3490
Austria,1997,127,46.4,3610
Austria,1998,127,47.2,3670
Austria,1999,127,48.2,3730
Austria,2000,125,48.7,3730
Austria,2001,123,48.8,3650
Austria,2002,127,49.5,3610
Austria,2003,130,52.2,3610
Austria,2004,136,49.9,3640
Austria,2005,134,51.1,3720
Austria,2006,129,53.2,3740
Austria,2007,134,54.1,3720
Austria,2008,128,56,3720
Austria,2009,132,56.6,3720
Austria,2010,131,55.5,3740
Austria,2011,130,54.2,3740
Austria,2012,124,56.9,3770
Benin,1990,12.8,2.14,2200
Benin,1991,12,2.13,2140
Benin,1992,15.2,2.18,2160
Benin,1993,22.9,2.15,2180
Benin,1994,21.8,2.2,2200
Benin,1995,14.5,2.23,2250
Benin,1996,13,2.29,2240
Benin,1997,13,2.31,2240
Benin,1998,16.1,2.36,2230
Benin,1999,12.8,2.42,2250
Benin,2000,11.2,2.48,2320
Benin,2001,13.5,2.52,2400
Benin,2002,14.8,2.52,2360
Benin,2003,9.82,2.58,2460
Benin,2004,8.9,2.53,2440
Benin,2005,9.06,2.56,2450
Benin,2006,8.24,2.68,2560
Benin,2007,14.5,2.72,2520
Benin,2008,13.6,2.74,2570
Benin,2009,14.6,2.71,2560
Benin,2010,14.6,2.72,2600
Benin,2011,17.2,2.74,2610
Benin,2012,21.4,2.75,2620
Burkina Faso,1990,10.5,1.39,2230
Burkina Faso,1991,10.8,1.36,2290
Burkina Faso,1992,10.9,1.36,2310
Burkina Faso,1993,9.52,1.35,2340
Burkina Faso,1994,9.03,1.39,2340
Burkina Faso,1995,14.1,1.51,2340
Burkina Faso,1996,15,1.56,2310
Burkina Faso,1997,13.4,1.64,2290
Burkina Faso,1998,14.1,1.88,2340
Burkina Faso,1999,9.17,1.82,2320
Burkina Faso,2000,12.4,2.02,2330
Burkina Faso,2001,16.2,2.11,2410
Burkina Faso,2002,12.4,2.38,2490
Burkina Faso,2003,10.3,2.39,2510
Burkina Faso,2004,16.6,2.4,2460
Burkina Faso,2005,17,2.4,2560
Burkina Faso,2006,18.7,2.4,2550
Burkina Faso,2007,13.1,2.47,2590
Burkina Faso,2008,13,2.41,2640
Burkina Faso,2009,13.3,2.53,2680
Burkina Faso,2010,19.5,2.61,2660
Burkina Faso,2011,19.8,2.69,2710
Burkina Faso,2012,20.3,2.75,2720
Bangladesh,1990,20.2,2.4,2120
Bangladesh,1991,20.1,2.51,2110
Bangladesh,1992,20.8,2.66,2010
Bangladesh,1993,20,2.86,2000
Bangladesh,1994,19.4,2.89,2040
Bangladesh,1995,18.9,2.89,2050
Bangladesh,1996,22.6,2.86,2100
Bangladesh,1997,20.7,2.86,2160
Bangladesh,1998,18.6,2.92,2270
Bangladesh,1999,18.1,3.01,2260
Bangladesh,2000,22.3,3.07,2330
Bangladesh,2001,18.5,3.05,2310
Bangladesh,2002,17.1,3.1,2350
Bangladesh,2003,21.9,3.22,2380
Bangladesh,2004,28.7,3.36,2370
Bangladesh,2005,24.6,3.42,2370
Bangladesh,2006,23.7,3.5,2420
Bangladesh,2007,22.7,3.54,2390
Bangladesh,2008,22.8,3.55,2430
Bangladesh,2009,21.9,3.6,2440
Bangladesh,2010,22.6,3.67,2430
Bangladesh,2011,22.3,3.72,2440
Bangladesh,2012,22.1,3.78,2450
Bulgaria,1990,73,15.6,3040
Bulgaria,1991,90,19.5,3020
Bulgaria,1992,87.3,14.5,2960
Bulgaria,1993,82.3,13.2,2870
Bulgaria,1994,83.1,12.3,2900
Bulgaria,1995,77.5,11.4,2740
Bulgaria,1996,79.4,6.89,2680
Bulgaria,1997,77.1,6.96,2820
Bulgaria,1998,81.2,7.53,2880
Bulgaria,1999,79.2,8.58,2810
Bulgaria,2000,85.7,9.72,2820
Bulgaria,2001,84.7,9.5,2780
Bulgaria,2002,84,9.11,2760
Bulgaria,2003,86.1,9.77,2760
Bulgaria,2004,94.5,10.4,2720
Bulgaria,2005,97.6,10.1,2760
Bulgaria,2006,93.1,12.1,2730
Bulgaria,2007,92.7,15.8,2780
Bulgaria,2008,87.5,16.5,2790
Bulgaria,2009,72.2,15.8,2760
Bulgaria,2010,77.7,14.6,2770
Bulgaria,2011,76.5,15.4,2780
Bulgaria,2012,78.7,17.2,2830
Bahamas,1990,124,34,2610
Bahamas,1991,119,32.1,2500
Bahamas,1992,112,31.6,2420
Bahamas,1993,109,32,2420
Bahamas,1994,128,32.9,2540
Bahamas,1995,136,33.9,2540
Bahamas,1996,122,34.2,2650
Bahamas,1997,123,35.4,2600
Bahamas,1998,123,37.4,2700
Bahamas,1999,121,38.5,2780
Bahamas,2000,121,38.9,2770
Bahamas,2001,106,39.3,2730
Bahamas,2002,130,38.1,2690
Bahamas,2003,132,37.8,2660
Bahamas,2004,137,38.3,2650
Bahamas,2005,127,38.6,2630
Bahamas,2006,124,38.4,2610
Bahamas,2007,125,36.8,2590
Bahamas,2008,120,34.7,2620
Bahamas,2009,119,34.7,2600
Bahamas,2010,120,34.4,2570
Bahamas,2011,96.6,35.1,2670
Bahamas,2012,107,33.8,2670
Belize,1990,111,9.94,2520
Belize,1991,114,11.5,2710
Belize,1992,117,11.5,2690
Belize,1993,125,11.1,2650
Belize,1994,126,14.1,2690
Belize,1995,121,8.91,2650
Belize,1996,121,9.22,2660
Belize,1997,121,8.66,2650
Belize,1998,123,9.01,2640
Belize,1999,122,9.42,2690
Belize,2000,118,10,2760
Belize,2001,121,10.4,2780
Belize,2002,126,10.5,2810
Belize,2003,121,10.2,2780
Belize,2004,118,9.74,2820
Belize,2005,117,9.25,2800
Belize,2006,120,9.32,2790
Belize,2007,115,8.91,2720
Belize,2008,119,9.05,2760
Belize,2009,123,9.12,2840
Belize,2010,121,9.32,2760
Belize,2011,121,9.22,2740
Belize,2012,116,9.46,2750
Bolivia,1990,73.2,6.52,2020
Bolivia,1991,76.3,6.61,2020
Bolivia,1992,77.5,7.07,2010
Bolivia,1993,76.7,7.39,1960
Bolivia,1994,76.3,7.73,2110
Bolivia,1995,75.6,8.2,2050
Bolivia,1996,75,9.56,2060
Bolivia,1997,73.8,9.08,1950
Bolivia,1998,73.8,8.37,2040
Bolivia,1999,76,7.81,2080
Bolivia,2000,77,8.1,2080
Bolivia,2001,75.9,8.1,2100
Bolivia,2002,74.9,8.12,2120
Bolivia,2003,74.6,9.32,2050
Bolivia,2004,74.3,9.91,2110
Bolivia,2005,71.3,10.6,2160
Bolivia,2006,70.4,10.5,2170
Bolivia,2007,71.2,11,2150
Bolivia,2008,69.8,11.7,2130
Bolivia,2009,70.6,12.1,2180
Bolivia,2010,73.1,12.8,2220
Bolivia,2011,72.8,13.1,2230
Bolivia,2012,75.2,14.5,2260
Brazil,1990,130,8.83,2780
Brazil,1991,137,7.49,2770
Brazil,1992,138,9.42,2770
Brazil,1993,142,10.8,2820
Brazil,1994,144,12.6,2810
Brazil,1995,141,12.7,2840
Brazil,1996,138,12.5,2850
Brazil,1997,136,12.9,2850
Brazil,1998,107,12.1,2870
Brazil,1999,109,13,2880
Brazil,2000,109,13.6,2890
Brazil,2001,108,13.8,2930
Brazil,2002,114,13.1,3070
Brazil,2003,115,13.2,3080
Brazil,2004,115,13.8,3080
Brazil,2005,115,14.9,3100
Brazil,2006,114,15.4,3110
Brazil,2007,116,16.2,3180
Brazil,2008,115,16.7,3170
Brazil,2009,117,17.4,3230
Brazil,2010,116,18,3290
Brazil,2011,117,19.8,3250
Brazil,2012,117,20.6,3260
Barbados,1990,124,14.7,3010
Barbados,1991,137,13.8,2980
Barbados,1992,126,13.9,2910
Barbados,1993,138,14.1,2910
Barbados,1994,137,14.3,2870
Barbados,1995,157,14.8,2910
Barbados,1996,160,15.5,2970
Barbados,1997,146,16,2810
Barbados,1998,150,15.9,2940
Barbados,1999,149,16.6,2800
Barbados,2000,151,16.1,2840
Barbados,2001,149,16.2,2810
Barbados,2002,150,16.5,2840
Barbados,2003,148,16.7,2770
Barbados,2004,151,17.3,2890
Barbados,2005,151,18.2,2840
Barbados,2006,153,18.5,2910
Barbados,2007,160,18.6,2880
Barbados,2008,160,17.6,2910
Barbados,2009,161,17.1,2910
Barbados,2010,159,16.9,2890
Barbados,2011,160,16.8,2910
Barbados,2012,160,16.6,2940
Brunei,1990,109,79.1,2700
Brunei,1991,118,80.6,2830
Brunei,1992,115,78.6,2800
Brunei,1993,116,78.9,2890
Brunei,1994,114,80.3,2840
Brunei,1995,103,80.6,2910
Brunei,1996,100,77.5,2820
Brunei,1997,79.8,75.3,2850
Brunei,1998,87.5,76,2810
Brunei,1999,89.6,76.5,2800
Brunei,2000,109,77,2880
Brunei,2001,82.2,78.4,2930
Brunei,2002,107,79.2,2980
Brunei,2003,124,78.3,3000
Brunei,2004,125,77.3,2980
Brunei,2005,129,79.6,2970
Brunei,2006,133,78.7,2920
Brunei,2007,125,76.3,2910
Brunei,2008,135,74.1,2890
Brunei,2009,136,75.1,2890
Brunei,2010,138,76.9,2940
Brunei,2011,135,76.6,2970
Brunei,2012,135,73.9,2990
Botswana,1990,75.2,6.13,2220
Botswana,1991,79.6,6.11,2200
Botswana,1992,68.5,6.03,2070
Botswana,1993,66.3,6.12,2190
Botswana,1994,62.8,6.59,2190
Botswana,1995,60.9,6.95,2210
Botswana,1996,66,7.61,2170
Botswana,1997,66,7.39,2080
Botswana,1998,66.3,8.25,2120
Botswana,1999,65.4,8.24,2080
Botswana,2000,67,8.04,2150
Botswana,2001,67.6,8.56,2110
Botswana,2002,81,8.89,2110
Botswana,2003,77.6,8.98,2190
Botswana,2004,79.3,9.25,2200
Botswana,2005,81.4,9.91,2150
Botswana,2006,84.9,10.5,2170
Botswana,2007,79.1,10.9,2180
Botswana,2008,83.2,9.89,2200
Botswana,2009,93.4,10.1,2230
Botswana,2010,81.9,9.98,2270
Botswana,2011,80.4,9.67,2340
Botswana,2012,85,9.95,2330
Central African Republic,1990,17.1,1.33,1910
Central African Republic,1991,17.7,1.21,1900
Central African Republic,1992,16.7,1.22,1880
Central African Republic,1993,20.4,1.36,1880
Central African Republic,1994,21.4,1.46,1880
Central African Republic,1995,17,1.44,1900
Central African Republic,1996,24.1,1.41,1920
Central African Republic,1997,24.4,2.23,1990
Central African Republic,1998,20.9,1.77,1930
Central African Republic,1999,27.7,1.76,1980
Central African Republic,2000,21.4,1.68,1990
Central African Republic,2001,21.3,2.21,2000
Central African Republic,2002,26.2,1.91,1970
Central African Republic,2003,28.2,2.06,1990
Central African Republic,2004,28.5,2.12,2030
Central African Republic,2005,24,1.41,2030
Central African Republic,2006,25.7,2.38,2090
Central African Republic,2007,25.7,2.48,2130
Central African Republic,2008,24.6,2.65,2140
Central African Republic,2009,23.3,2.74,2160
Central African Republic,2010,24.1,2.84,2150
Central African Republic,2011,25.7,2.97,2120
Central African Republic,2012,22.4,1.88,1880
Canada,1990,115,44,3040
Canada,1991,120,44.1,3090
Canada,1992,125,44.4,3120
Canada,1993,127,44.9,3210
Canada,1994,130,44.9,3210
Canada,1995,136,44.9,3250
Canada,1996,141,45,3390
Canada,1997,142,46.4,3460
Canada,1998,134,46.7,3500
Canada,1999,139,47,3510
Canada,2000,145,47.6,3500
Canada,2001,153,48.9,3500
Canada,2002,153,49.7,3520
Canada,2003,149,50.7,3530
Canada,2004,147,52.2,3480
Canada,2005,145,53.8,3470
Canada,2006,146,55.6,3480
Canada,2007,141,56.3,3470
Canada,2008,136,55.9,3440
Canada,2009,126,56.9,3450
Canada,2010,137,57.4,3470
Canada,2011,132,57.8,3490
Canada,2012,132,58.9,3490
Switzerland,1990,123,65,3350
Switzerland,1991,134,63.4,3420
Switzerland,1992,137,62,3360
Switzerland,1993,124,61.7,3330
Switzerland,1994,133,61.3,3310
Switzerland,1995,144,61.2,3340
Switzerland,1996,141,61.5,3320
Switzerland,1997,133,62.1,3330
Switzerland,1998,138,62.5,3320
Switzerland,1999,149,62.7,3440
Switzerland,2000,147,64.3,3380
Switzerland,2001,157,64.8,3440
Switzerland,2002,156,64.4,3430
Switzerland,2003,163,65,3410
Switzerland,2004,161,65.3,3390
Switzerland,2005,164,65.6,3430
Switzerland,2006,162,67.3,3430
Switzerland,2007,163,67.8,3450
Switzerland,2008,159,67.5,3470
Switzerland,2009,161,67.7,3450
Switzerland,2010,160,68.7,3490
Switzerland,2011,165,70.4,3380
Switzerland,2012,166,70.1,3390
Chile,1990,106,12.3,2600
Chile,1991,119,12.9,2710
Chile,1992,118,13.6,2710
Chile,1993,119,14.4,2750
Chile,1994,122,15,2760
Chile,1995,124,15.6,2780
Chile,1996,126,16.3,2790
Chile,1997,128,16.7,2800
Chile,1998,131,15.2,2800
Chile,1999,125,14.4,2830
Chile,2000,122,14.2,2870
Chile,2001,124,14.1,2900
Chile,2002,117,14.2,2890
Chile,2003,119,14.8,2920
Chile,2004,119,15.4,2910
Chile,2005,119,15.9,2960
Chile,2006,129,16.9,2930
Chile,2007,130,17.4,2940
Chile,2008,130,17.1,2890
Chile,2009,133,17.8,2920
Chile,2010,133,18.4,2960
Chile,2011,133,20.6,2960
Chile,2012,131,22.2,2980
China,1990,21.3,1.95,2430
China,1991,18.9,2.06,2460
China,1992,14,2.19,2540
China,1993,15.7,2.39,2600
China,1994,18.1,2.58,2690
China,1995,20.3,2.77,2700
China,1996,22.8,2.84,2730
China,1997,22.3,2.92,2770
China,1998,17.1,3.05,2760
China,1999,15.7,3.35,2810
China,2000,16.5,3.56,2820
China,2001,15.7,3.87,2830
China,2002,17.4,4.13,2830
China,2003,16.7,4.5,2860
China,2004,16.9,5.03,2880
China,2005,17.2,5.36,2880
China,2006,17.7,5.83,2920
China,2007,17.5,6.19,2980
China,2008,18,6.67,2990
China,2009,17.9,7.28,3040
China,2010,18.8,7.81,3080
China,2011,18.9,8.53,3100
China,2012,18.8,9.6,3110
Cote d'Ivoire,1990,28.9,4.55,2580
Cote d'Ivoire,1991,29.9,4.3,2590
Cote d'Ivoire,1992,28.8,4.13,2520
Cote d'Ivoire,1993,28.4,4.1,2540
Cote d'Ivoire,1994,27.2,4.32,2570
Cote d'Ivoire,1995,24.3,4.23,2610
Cote d'Ivoire,1996,23.9,3.97,2670
Cote d'Ivoire,1997,25.4,3.76,2640
Cote d'Ivoire,1998,24.8,3.9,2650
Cote d'Ivoire,1999,22.3,3.9,2610
Cote d'Ivoire,2000,23.2,3.98,2630
Cote d'Ivoire,2001,28.4,3.99,2670
Cote d'Ivoire,2002,29.1,3.89,2690
Cote d'Ivoire,2003,27.3,3.87,2740
Cote d'Ivoire,2004,27.3,3.86,2790
Cote d'Ivoire,2005,26.6,3.84,2780
Cote d'Ivoire,2006,28.3,3.81,2790
Cote d'Ivoire,2007,27.6,3.83,2740
Cote d'Ivoire,2008,25.2,3.76,2730
Cote d'Ivoire,2009,27.1,3.65,2740
Cote d'Ivoire,2010,28.7,3.31,2780
Cote d'Ivoire,2011,25.6,3.47,2780
Cote d'Ivoire,2012,28.2,3.57,2800
Cameroon,1990,17.4,3.44,2020
Cameroon,1991,18.3,3.24,2110
Cameroon,1992,18.8,2.89,2020
Cameroon,1993,17.5,2.87,2030
Cameroon,1994,18.3,2.89,2050
Cameroon,1995,19.2,2.94,2030
Cameroon,1996,24.9,3.29,2100
Cameroon,1997,20.6,3.55,2100
Cameroon,1998,19.3,3.78,2120
Cameroon,1999,24.1,3.91,2120
Cameroon,2000,24.6,4.16,2160
Cameroon,2001,29.3,4.13,2200
Cameroon,2002,27.3,4.1,2230
Cameroon,2003,26.8,4.16,2250
Cameroon,2004,25.6,4.03,2310
Cameroon,2005,23.5,3.95,2350
Cameroon,2006,27.4,3.93,2380
Cameroon,2007,26.2,4.01,2450
Cameroon,2008,21.5,3.94,2490
Cameroon,2009,26.4,4.02,2510
Cameroon,2010,27,4.18,2570
Cameroon,2011,25.9,4.39,2620
Cameroon,2012,27.2,4.72,2670
"Congo, Rep.",1990,25.1,2.97,2000
"Congo, Rep.",1991,18.6,2.97,2010
"Congo, Rep.",1992,17.9,2.86,2000
"Congo, Rep.",1993,20.4,2.63,1980
"Congo, Rep.",1994,22.4,2.66,1980
"Congo, Rep.",1995,21.4,2.69,1970
"Congo, Rep.",1996,17,2.6,1990
"Congo, Rep.",1997,23.4,2.62,2050
"Congo, Rep.",1998,24.4,2.48,2100
"Congo, Rep.",1999,27.3,2.59,2180
"Congo, Rep.",2000,31.8,2.61,2230
"Congo, Rep.",2001,34.8,2.66,2260
"Congo, Rep.",2002,37.2,2.6,2240
"Congo, Rep.",2003,41.2,2.61,2260
"Congo, Rep.",2004,39.8,2.73,2040
"Congo, Rep.",2005,42.1,3.13,2140
"Congo, Rep.",2006,51.9,2.76,2140
"Congo, Rep.",2007,52,2.94,2110
"Congo, Rep.",2008,38.6,3.14,2140
"Congo, Rep.",2009,37.1,3.61,2140
"Congo, Rep.",2010,38.3,3.7,2190
"Congo, Rep.",2011,41.9,3.96,2160
"Congo, Rep.",2012,48.4,3.84,2210
Colombia,1990,178,9.54,2570
Colombia,1991,183,9.64,2640
Colombia,1992,179,9.58,2680
Colombia,1993,178,9.48,2710
Colombia,1994,178,9.31,2770
Colombia,1995,170,8.75,2760
Colombia,1996,172,8.95,2770
Colombia,1997,173,8.67,2730
Colombia,1998,179,8.37,2760
Colombia,1999,172,9.34,2780
Colombia,2000,175,7.78,2820
Colombia,2001,172,9.81,2780
Colombia,2002,173,9.31,2800
Colombia,2003,174,9.87,2780
Colombia,2004,169,10.4,2730
Colombia,2005,167,10.9,2770
Colombia,2006,167,11.5,2800
Colombia,2007,167,11.8,2810
Colombia,2008,164,11.9,2710
Colombia,2009,150,12.8,2670
Colombia,2010,151,13.3,2700
Colombia,2011,155,13.5,2750
Colombia,2012,160,14.2,2800
Cape Verde,1990,48,2.97,2270
Cape Verde,1991,50.6,3.2,2510
Cape Verde,1992,50.5,3.38,2450
Cape Verde,1993,51.8,3.92,2440
Cape Verde,1994,53.6,4.37,2310
Cape Verde,1995,52.1,4.75,2310
Cape Verde,1996,54.3,5.16,2340
Cape Verde,1997,53.3,5.69,2340
Cape Verde,1998,59.7,6.21,2330
Cape Verde,1999,65.5,6.97,2360
Cape Verde,2000,76.2,7,2370
Cape Verde,2001,67.9,7.21,2320
Cape Verde,2002,70.5,7.25,2410
Cape Verde,2003,71,7.41,2520
Cape Verde,2004,66.9,7.52,2520
Cape Verde,2005,61.9,7.67,2510
Cape Verde,2006,61,7.98,2570
Cape Verde,2007,60.8,8.4,2540
Cape Verde,2008,60.6,8.55,2560
Cape Verde,2009,58,8.67,2520
Cape Verde,2010,57.7,8.84,2570
Cape Verde,2011,56.2,8.96,2590
Cape Verde,2012,52.9,9.05,2610
Costa Rica,1990,164,8.61,2730
Costa Rica,1991,166,9.15,2710
Costa Rica,1992,166,10.6,2750
Costa Rica,1993,164,12,2740
Costa Rica,1994,162,11.4,2770
Costa Rica,1995,159,10.8,2710
Costa Rica,1996,157,11.4,2720
Costa Rica,1997,158,12.8,2760
Costa Rica,1998,158,12.5,2800
Costa Rica,1999,155,12.4,2800
Costa Rica,2000,151,16.9,2800
Costa Rica,2001,152,17.2,2770
Costa Rica,2002,153,16.8,2750
Costa Rica,2003,152,15.7,2760
Costa Rica,2004,157,16.3,2810
Costa Rica,2005,158,17.1,2870
Costa Rica,2006,161,18.9,2860
Costa Rica,2007,154,19.1,2840
Costa Rica,2008,150,20.9,2840
Costa Rica,2009,150,20.7,2850
Costa Rica,2010,149,21.4,2880
Costa Rica,2011,149,22.1,2850
Costa Rica,2012,144,22.8,2850
Cuba,1990,162,6.36,2740
Cuba,1991,161,5.43,2500
Cuba,1992,160,4.24,2320
Cuba,1993,151,4.28,2360
Cuba,1994,160,4.57,2330
Cuba,1995,167,5.19,2450
Cuba,1996,183,5.47,2560
Cuba,1997,177,5.45,2650
Cuba,1998,187,5.78,2900
Cuba,1999,180,6.4,3030
Cuba,2000,170,6.75,3080
Cuba,2001,156,6.97,3150
Cuba,2002,148,7.19,3250
Cuba,2003,170,7.28,3350
Cuba,2004,148,7.53,3250
Cuba,2005,139,8.65,3260
Cuba,2006,137,9,3250
Cuba,2007,122,9.59,3120
Cuba,2008,162,9.97,3230
Cuba,2009,165,10.5,3160
Cuba,2010,158,11.1,3290
Cuba,2011,150,11.4,3350
Cuba,2012,146,11.8,3410
Cyprus,1990,97.5,23.7,2750
Cyprus,1991,98.4,23.9,2790
Cyprus,1992,104,22.2,2800
Cyprus,1993,106,23.2,2810
Cyprus,1994,117,29.4,2820
Cyprus,1995,98.3,30.1,2720
Cyprus,1996,95.2,30.4,2720
Cyprus,1997,95.2,32.2,2730
Cyprus,1998,95.8,33.1,2710
Cyprus,1999,99.5,35.4,2680
Cyprus,2000,90.3,37,2650
Cyprus,2001,106,37.7,2640
Cyprus,2002,111,38.9,2610
Cyprus,2003,113,41.1,2600
Cyprus,2004,105,43.9,2570
Cyprus,2005,91.2,48.2,2560
Cyprus,2006,100,48.3,2640
Cyprus,2007,95.7,47.9,2660
Cyprus,2008,90.3,47.4,2630
Cyprus,2009,88.7,48.1,2670
Cyprus,2010,93.2,47.9,2680
Cyprus,2011,88.5,45.3,2640
Cyprus,2012,101,43.4,2650
Germany,1990,120,45.9,3320
Germany,1991,126,45.9,3390
Germany,1992,117,45.9,3200
Germany,1993,111,45.9,3210
Germany,1994,121,46.5,3250
Germany,1995,110,47,3300
Germany,1996,115,47.2,3180
Germany,1997,112,47.7,3290
Germany,1998,113,49.1,3280
Germany,1999,115,50,3340
Germany,2000,125,50.2,3360
Germany,2001,124,50.8,3430
Germany,2002,133,50.6,3390
Germany,2003,135,51.1,3410
Germany,2004,140,51.4,3450
Germany,2005,132,51.7,3470
Germany,2006,126,52.4,3530
Germany,2007,136,52.2,3520
Germany,2008,132,52.3,3520
Germany,2009,137,52.5,3500
Germany,2010,133,52.7,3540
Germany,2011,130,52.1,3500
Germany,2012,133,52.8,3500
Djibouti,1990,81.7,6.6,1510
Djibouti,1991,81.1,6.46,1510
Djibouti,1992,79.2,5.86,1570
Djibouti,1993,79.8,5.62,1600
Djibouti,1994,81.1,5.28,1710
Djibouti,1995,75.9,4.94,1690
Djibouti,1996,75,4.75,1760
Djibouti,1997,76.2,4.62,1860
Djibouti,1998,73.4,4.63,1900
Djibouti,1999,73.2,4.54,1990
Djibouti,2000,72.2,4.49,1980
Djibouti,2001,73.5,4.51,2050
Djibouti,2002,74.6,4.54,2090
Djibouti,2003,73.1,4.53,2140
Djibouti,2004,73.5,4.56,2270
Djibouti,2005,74.7,4.69,2310
Djibouti,2006,79.4,4.84,2410
Djibouti,2007,82.1,5.05,2450
Djibouti,2008,80.6,4.97,2470
Djibouti,2009,83.4,5.06,2470
Djibouti,2010,84.7,5.39,2500
Djibouti,2011,90.6,5.54,2550
Djibouti,2012,93,4.95,2610
Dominica,1990,129,8.09,2900
Dominica,1991,127,8.23,2870
Dominica,1992,132,8.38,2860
Dominica,1993,134,8.35,2870
Dominica,1994,125,8.6,2940
Dominica,1995,118,8.89,2900
Dominica,1996,122,9.12,2930
Dominica,1997,122,9.52,2910
Dominica,1998,117,9.61,2930
Dominica,1999,118,9.86,3060
Dominica,2000,116,9.85,3040
Dominica,2001,116,9.55,2980
Dominica,2002,118,10.1,3010
Dominica,2003,124,10.4,2960
Dominica,2004,121,10.4,2920
Dominica,2005,125,10.9,2920
Dominica,2006,126,11.6,3040
Dominica,2007,126,12.4,3020
Dominica,2008,123,12.2,3040
Dominica,2009,122,12.3,2990
Dominica,2010,117,12.3,2960
Dominica,2011,116,12.1,2950
Dominica,2012,113,12,2930
Denmark,1990,131,42.6,3230
Denmark,1991,135,43.2,3340
Denmark,1992,141,42.3,3340
Denmark,1993,142,44.4,3320
Denmark,1994,138,44.7,3400
Denmark,1995,132,45.7,3290
Denmark,1996,146,46.9,3370
Denmark,1997,139,47.8,3400
Denmark,1998,136,47.7,3330
Denmark,1999,147,47.8,3310
Denmark,2000,142,47,3340
Denmark,2001,158,46.9,3370
Denmark,2002,158,46.7,3340
Denmark,2003,159,47.5,3380
Denmark,2004,139,48,3410
Denmark,2005,148,49.5,3410
Denmark,2006,172,50.5,3450
Denmark,2007,147,49.9,3330
Denmark,2008,144,50.7,3340
Denmark,2009,147,53.2,3400
Denmark,2010,146,52.3,3350
Denmark,2011,152,52,3330
Denmark,2012,152,53.3,3370
Dominican Republic,1990,93.2,9.04,2140
Dominican Republic,1991,102,11,2140
Dominican Republic,1992,109,11.4,2220
Dominican Republic,1993,110,11.1,2250
Dominican Republic,1994,109,11.9,2260
Dominican Republic,1995,108,12.2,2180
Dominican Republic,1996,105,13.4,2150
Dominican Republic,1997,97.9,13.5,2140
Dominican Republic,1998,99.7,14.1,2150
Dominican Republic,1999,96.1,14.4,2220
Dominican Republic,2000,111,13.8,2260
Dominican Republic,2001,111,13.4,2290
Dominican Republic,2002,106,11.9,2140
Dominican Republic,2003,106,10.2,2220
Dominican Republic,2004,108,11.7,2330
Dominican Republic,2005,102,13.4,2370
Dominican Republic,2006,105,12.3,2400
Dominican Republic,2007,103,11.8,2350
Dominican Republic,2008,95.8,12.8,2390
Dominican Republic,2009,90.1,12.6,2530
Dominican Republic,2010,87.6,12.8,2560
Dominican Republic,2011,91.4,12.2,2570
Dominican Republic,2012,95.3,12.9,2610
Algeria,1990,76.1,6.53,2730
Algeria,1991,72.1,6.59,2870
Algeria,1992,74.3,6.47,2870
Algeria,1993,71.2,6.33,2760
Algeria,1994,70.6,6.42,2790
Algeria,1995,71.9,6.12,2780
Algeria,1996,76.3,5.86,2730
Algeria,1997,52.4,5.87,2790
Algeria,1998,58.9,5.93,2840
Algeria,1999,78.6,5.95,2810
Algeria,2000,77.4,6.12,2890
Algeria,2001,80.5,6.47,2930
Algeria,2002,82.8,6.62,2970
Algeria,2003,84.3,6.86,2990
Algeria,2004,75.5,7.01,2960
Algeria,2005,77.9,7.1,3050
Algeria,2006,86.7,7.29,3040
Algeria,2007,78.5,7.57,3050
Algeria,2008,85.3,7.82,3110
Algeria,2009,85.6,8.04,3140
Algeria,2010,74.9,8.29,3220
Algeria,2011,82.8,8.53,3270
Algeria,2012,78.2,8.78,3300
Ecuador,1990,75.4,7.3,2190
Ecuador,1991,77.2,7.2,2320
Ecuador,1992,73,7.27,2320
Ecuador,1993,73.8,7.42,2410
Ecuador,1994,70.3,7.68,2310
Ecuador,1995,57.7,7.75,2300
Ecuador,1996,56,8.17,2330
Ecuador,1997,57,8.7,2250
Ecuador,1998,53.4,7.61,2330
Ecuador,1999,52,5.86,2290
Ecuador,2000,50.1,7.13,2220
Ecuador,2001,49,8.39,2240
Ecuador,2002,50.8,8.72,2200
Ecuador,2003,49.5,8.58,2230
Ecuador,2004,49.7,10.2,2250
Ecuador,2005,56.2,11.2,2230
Ecuador,2006,49.6,11.8,2210
Ecuador,2007,54.2,11.3,2300
Ecuador,2008,52.3,10.9,2290
Ecuador,2009,49,12,2350
Ecuador,2010,54.7,12.4,2380
Ecuador,2011,58.4,13.2,2350
Ecuador,2012,63.3,13.7,2340
Egypt,1990,86.1,4.5,3170
Egypt,1991,84.9,4.46,3180
Egypt,1992,80,4.41,3200
Egypt,1993,78.5,4.41,3260
Egypt,1994,79.5,4.38,3320
Egypt,1995,79.9,4.42,3330
Egypt,1996,83.4,4.66,3360
Egypt,1997,79.3,4.87,3340
Egypt,1998,81,5.16,3360
Egypt,1999,82.1,5.42,3370
Egypt,2000,88.1,5.34,3410
Egypt,2001,83.5,5.15,3430
Egypt,2002,76.4,4.98,3380
Egypt,2003,75.9,4.8,3310
Egypt,2004,74.4,4.78,3370
Egypt,2005,72.5,4.79,3390
Egypt,2006,72.5,4.8,3450
Egypt,2007,74.6,4.8,3490
Egypt,2008,68.5,5.03,3440
Egypt,2009,81.2,5.2,3510
Egypt,2010,82.9,5.36,3550
Egypt,2011,73.9,5.44,3560
Egypt,2012,78,5.52,3520
Spain,1990,75.5,26.8,3410
Spain,1991,79.1,25.8,3410
Spain,1992,77.8,25.6,3310
Spain,1993,80,26.5,3300
Spain,1994,80.4,28.4,3220
Spain,1995,80.5,29.2,3360
Spain,1996,80.8,30.1,3300
Spain,1997,81.5,31.7,3340
Spain,1998,81.4,33.5,3330
Spain,1999,81,35.2,3360
Spain,2000,81.7,35,3330
Spain,2001,81.5,34.3,3360
Spain,2002,81.7,33.1,3300
Spain,2003,81.9,33.5,3250
Spain,2004,81.9,34.4,3220
Spain,2005,82.8,34.7,3230
Spain,2006,81.7,41.4,3220
Spain,2007,82.8,42.1,3210
Spain,2008,82.9,42,3210
Spain,2009,83.2,39.7,3180
Spain,2010,85.2,38.2,3190
Spain,2011,85.5,36.4,3170
Spain,2012,85.6,35.4,3170
Finland,1990,111,36.6,3110
Finland,1991,119,34.4,3190
Finland,1992,120,32.8,3040
Finland,1993,110,33,2990
Finland,1994,110,34,3030
Finland,1995,104,35.1,3020
Finland,1996,105,36.2,3150
Finland,1997,101,37.7,3180
Finland,1998,100,38.8,3170
Finland,1999,105,39.5,3150
Finland,2000,95.8,40.1,3170
Finland,2001,95.3,40.8,3150
Finland,2002,94.1,41.9,3150
Finland,2003,95.4,43.9,3190
Finland,2004,93.2,45.4,3200
Finland,2005,91.4,46.1,3240
Finland,2006,94.4,47.8,3280
Finland,2007,81.9,48.3,3240
Finland,2008,92.7,49.3,3230
Finland,2009,84.4,50,3280
Finland,2010,85.8,50.3,3310
Finland,2011,86.8,50.4,3320
Finland,2012,86.8,50.2,3370
Fiji,1990,76.1,6.72,2720
Fiji,1991,76.2,7.04,2740
Fiji,1992,73.6,7.09,2850
Fiji,1993,71.7,7.35,2800
Fiji,1994,70.9,7.44,2740
Fiji,1995,68.4,7.7,2820
Fiji,1996,70.3,7.45,2850
Fiji,1997,71.9,7.48,2830
Fiji,1998,79.1,8.08,2840
Fiji,1999,78.8,7.89,2830
Fiji,2000,90.3,8.02,2880
Fiji,2001,92.6,8.27,2900
Fiji,2002,99,8.42,2890
Fiji,2003,103,8.93,2900
Fiji,2004,110,9.07,2940
Fiji,2005,112,9.28,2950
Fiji,2006,111,9.23,2920
Fiji,2007,106,9.33,2950
Fiji,2008,109,9.06,2920
Fiji,2009,99.5,9.02,2910
Fiji,2010,109,8.98,2920
Fiji,2011,108,8.85,2930
Fiji,2012,104,9,2940
France,1990,99.7,38.4,3540
France,1991,103,39.4,3550
France,1992,101,38.6,3540
France,1993,101,40.7,3510
France,1994,102,40.7,3530
France,1995,106,40.7,3520
France,1996,107,40.7,3550
France,1997,110,40.8,3590
France,1998,112,40.8,3600
France,1999,109,40.8,3610
France,2000,112,42,3640
France,2001,113,42.9,3660
France,2002,111,43.5,3590
France,2003,113,44.2,3560
France,2004,114,43.7,3540
France,2005,104,43.1,3510
France,2006,102,52.3,3470
France,2007,99.5,52.8,3550
France,2008,111,53.2,3530
France,2009,104,53.4,3540
France,2010,103,53.7,3510
France,2011,104,53.3,3460
France,2012,107,52.7,3480
Gabon,1990,40.9,8.34,2560
Gabon,1991,40.2,7.86,2500
Gabon,1992,46.7,7.96,2540
Gabon,1993,43.4,8.04,2460
Gabon,1994,44.4,8.22,2550
Gabon,1995,46.7,8.31,2630
Gabon,1996,47,8.56,2630
Gabon,1997,50.1,8.64,2660
Gabon,1998,49,7.68,2710
Gabon,1999,43.1,7.36,2720
Gabon,2000,42.3,7.34,2700
Gabon,2001,43.6,7.15,2640
Gabon,2002,44.8,7.13,2660
Gabon,2003,45.1,7,2680
Gabon,2004,43.7,7,2720
Gabon,2005,43,6.88,2720
Gabon,2006,43.6,7.35,2710
Gabon,2007,39.7,7.15,2650
Gabon,2008,43.5,7.17,2700
Gabon,2009,44.4,7.68,2730
Gabon,2010,44.8,8.19,2770
Gabon,2011,41.7,8.56,2800
Gabon,2012,42.6,8.98,2830
United Kingdom,1990,112,31.9,3210
United Kingdom,1991,110,32.2,3270
United Kingdom,1992,99.2,33.1,3220
United Kingdom,1993,108,33.8,3240
United Kingdom,1994,104,32.5,3190
United Kingdom,1995,108,33.6,3270
United Kingdom,1996,108,35.2,3330
United Kingdom,1997,103,36.6,3350
United Kingdom,1998,109,38.2,3400
United Kingdom,1999,102,43.8,3360
United Kingdom,2000,111,45,3400
United Kingdom,2001,113,44,3420
United Kingdom,2002,111,44.8,3400
United Kingdom,2003,114,44.9,3450
United Kingdom,2004,103,44.4,3440
United Kingdom,2005,90.5,47.6,3440
United Kingdom,2006,99,49.8,3420
United Kingdom,2007,99.9,45.8,3420
United Kingdom,2008,106,45.8,3410
United Kingdom,2009,100,45.8,3400
United Kingdom,2010,110,44.7,3420
United Kingdom,2011,106,44.1,3400
United Kingdom,2012,113,45.6,3420
Ghana,1990,17.2,2.67,2090
Ghana,1991,23.3,2.64,2120
Ghana,1992,22.4,2.79,2280
Ghana,1993,17,2.83,2310
Ghana,1994,22.4,2.94,2350
Ghana,1995,13.4,3.1,2380
Ghana,1996,6.07,3.24,2400
Ghana,1997,12,3.42,2430
Ghana,1998,16.2,3.54,2470
Ghana,1999,20.2,3.62,2510
Ghana,2000,19.8,3.71,2560
Ghana,2001,20.1,3.83,2660
Ghana,2002,19,4,2670
Ghana,2003,22.8,4.2,2680
Ghana,2004,26,4.42,2750
Ghana,2005,26.5,4.64,2820
Ghana,2006,27.7,4.72,2800
Ghana,2007,26.1,5,2950
Ghana,2008,30.9,5.1,3030
Ghana,2009,35.8,5.35,3080
Ghana,2010,30.4,5.92,3000
Ghana,2011,25.8,6.3,3040
Ghana,2012,40.5,6.58,3020
Guinea,1990,27.1,0.787,2420
Guinea,1991,28,1.03,2450
Guinea,1992,27.5,2.18,2430
Guinea,1993,27,2.83,2410
Guinea,1994,28.8,2.84,2380
Guinea,1995,29.3,2.76,2350
Guinea,1996,30.5,2.7,2290
Guinea,1997,30.8,2.59,2260
Guinea,1998,30.8,2.49,2320
Guinea,1999,31.2,2.36,2360
Guinea,2000,29.4,2.26,2330
Guinea,2001,28.3,2.19,2360
Guinea,2002,31.1,2.14,2400
Guinea,2003,32.1,2.15,2430
Guinea,2004,35.5,2.17,2440
Guinea,2005,35.6,2.16,2500
Guinea,2006,36.3,2.26,2510
Guinea,2007,37,2.4,2530
Guinea,2008,37.8,2.39,2550
Guinea,2009,35.5,2.33,2550
Guinea,2010,35,2.58,2550
Guinea,2011,32.7,2.88,2560
Guinea,2012,27.2,2.93,2570
Gambia,1990,127,1.96,2550
Gambia,1991,102,1.96,2500
Gambia,1992,103,1.95,2470
Gambia,1993,102,1.9,2380
Gambia,1994,105,1.85,2390
Gambia,1995,98.4,1.84,2390
Gambia,1996,98.2,1.87,2480
Gambia,1997,95.2,1.88,2360
Gambia,1998,88.6,2.58,2510
Gambia,1999,93.5,3.1,2590
Gambia,2000,72.9,2.74,2520
Gambia,2001,78,2.17,2460
Gambia,2002,75,2.96,2460
Gambia,2003,80.3,3.4,2470
Gambia,2004,81.4,3.37,2440
Gambia,2005,73.6,3.39,2400
Gambia,2006,77.9,3.52,2540
Gambia,2007,72.6,3.78,2590
Gambia,2008,69.5,3.25,2620
Gambia,2009,69.2,4.32,2670
Gambia,2010,71.2,4.07,2690
Gambia,2011,70.4,4.39,2650
Gambia,2012,72.2,4.62,2630
Guinea-Bissau,1990,6.46,3.79,2320
Guinea-Bissau,1991,4.93,3.17,2370
Guinea-Bissau,1992,5.1,3.08,2310
Guinea-Bissau,1993,10.1,3.07,2340
Guinea-Bissau,1994,6.24,3.09,2340
Guinea-Bissau,1995,14.3,3.33,2250
Guinea-Bissau,1996,16.8,3.43,2190
Guinea-Bissau,1997,9.93,2.25,2150
Guinea-Bissau,1998,12.7,2.32,2160
Guinea-Bissau,1999,13.9,2.35,2250
Guinea-Bissau,2000,18.1,2.35,2280
Guinea-Bissau,2001,14.3,2.21,2270
Guinea-Bissau,2002,19.2,2.17,2230
Guinea-Bissau,2003,30.3,2.16,2260
Guinea-Bissau,2004,29.9,2.21,2270
Guinea-Bissau,2005,29.1,2.21,2250
Guinea-Bissau,2006,30,2.21,2290
Guinea-Bissau,2007,29.1,2.22,2300
Guinea-Bissau,2008,28.7,2.22,2280
Guinea-Bissau,2009,29.8,2.22,2350
Guinea-Bissau,2010,29.9,2.33,2340
Guinea-Bissau,2011,28.7,2.23,2330
Guinea-Bissau,2012,30.3,2.25,2290
Greece,1990,84.1,23.8,3540
Greece,1991,89,24.1,3610
Greece,1992,84.4,23.8,3550
Greece,1993,86.6,24.1,3580
Greece,1994,85.9,24.6,3520
Greece,1995,83.6,25,3510
Greece,1996,74.3,25.7,3520
Greece,1997,87.1,26.4,3540
Greece,1998,88.5,27,3630
Greece,1999,90.4,27.4,3600
Greece,2000,94.4,28.4,3610
Greece,2001,94.2,30.1,3640
Greece,2002,96.2,31.6,3650
Greece,2003,100,33.3,3720
Greece,2004,93.2,33.7,3590
Greece,2005,78.3,34,3490
Greece,2006,86,35,3510
Greece,2007,85.1,35.5,3520
Greece,2008,75.7,36.1,3510
Greece,2009,77.3,31.3,3440
Greece,2010,75.1,26,3430
Greece,2011,81.2,22.5,3400
Greece,2012,80.3,21.5,3400
Grenada,1990,118,7.21,2460
Grenada,1991,117,7.1,2460
Grenada,1992,118,6.89,2480
Grenada,1993,116,6.92,2440
Grenada,1994,111,7.01,2400
Grenada,1995,113,7.26,2380
Grenada,1996,104,7.59,2400
Grenada,1997,100,8.44,2320
Grenada,1998,98.7,8.99,2250
Grenada,1999,97.9,9.39,2220
Grenada,2000,99.1,9.16,2290
Grenada,2001,101,9.44,2310
Grenada,2002,103,10.3,2310
Grenada,2003,103,10.2,2380
Grenada,2004,104,11.5,2370
Grenada,2005,104,11,2400
Grenada,2006,102,11.7,2400
Grenada,2007,104,11.8,2430
Grenada,2008,102,10.9,2430
Grenada,2009,104,10.8,2430
Grenada,2010,114,10.9,2420
Grenada,2011,112,10.7,2440
Grenada,2012,112,10.9,2450
Guatemala,1990,117,5.81,2320
Guatemala,1991,118,6.39,2280
Guatemala,1992,120,6.89,2340
Guatemala,1993,125,7.58,2360
Guatemala,1994,123,8.42,2280
Guatemala,1995,114,8.54,2240
Guatemala,1996,113,9.04,2130
Guatemala,1997,114,9.74,2160
Guatemala,1998,119,10.3,2140
Guatemala,1999,121,10.8,2160
Guatemala,2000,117,10.9,2220
Guatemala,2001,131,10.9,2360
Guatemala,2002,140,10.9,2350
Guatemala,2003,136,11,2320
Guatemala,2004,144,11,2380
Guatemala,2005,137,11.1,2420
Guatemala,2006,152,11,2450
Guatemala,2007,135,10.8,2380
Guatemala,2008,148,10.1,2460
Guatemala,2009,136,9.81,2430
Guatemala,2010,145,9.52,2490
Guatemala,2011,130,9.18,2420
Guatemala,2012,132,8.87,2420
Guyana,1990,89.5,4.23,2370
Guyana,1991,72.8,4.53,2410
Guyana,1992,86.2,5.01,2460
Guyana,1993,85.4,5.72,2530
Guyana,1994,105,6.17,2580
Guyana,1995,104,6.99,2590
Guyana,1996,101,7.43,2680
Guyana,1997,95.5,7.58,2680
Guyana,1998,94.6,7.85,2680
Guyana,1999,93.5,7.77,2730
Guyana,2000,108,7.97,2760
Guyana,2001,101,8.06,2730
Guyana,2002,105,8.01,2710
Guyana,2003,108,8.12,2690
Guyana,2004,100,7.96,2690
Guyana,2005,100,8.37,2660
Guyana,2006,113,8.97,2660
Guyana,2007,107,9.12,2600
Guyana,2008,102,9.44,2620
Guyana,2009,110,9.81,2640
Guyana,2010,118,10.3,2640
Guyana,2011,119,10.8,2730
Guyana,2012,118,11.1,2760
"Hong Kong, China",1990,74.7,33.6,3190
"Hong Kong, China",1991,84.3,35.4,3090
"Hong Kong, China",1992,81.5,37,3160
"Hong Kong, China",1993,88.6,38.3,3210
"Hong Kong, China",1994,100,38.5,3250
"Hong Kong, China",1995,101,38.4,3160
"Hong Kong, China",1996,101,40,3130
"Hong Kong, China",1997,103,37.3,3040
"Hong Kong, China",1998,108,37.9,3050
"Hong Kong, China",1999,94.5,40.5,3050
"Hong Kong, China",2000,99.2,40.4,3080
"Hong Kong, China",2001,101,40.9,3130
"Hong Kong, China",2002,102,42.2,3180
"Hong Kong, China",2003,97.3,45.5,3210
"Hong Kong, China",2004,97.9,48.7,3220
"Hong Kong, China",2005,97.3,51.8,3250
"Hong Kong, China",2006,99,54.6,3250
"Hong Kong, China",2007,99.2,55.5,3240
"Hong Kong, China",2008,97.2,54,3260
"Hong Kong, China",2009,99.7,57.2,3260
"Hong Kong, China",2010,97.8,59.6,3260
"Hong Kong, China",2011,100,59.9,3280
"Hong Kong, China",2012,98.1,61.5,3290
Honduras,1990,96.8,4.52,2280
Honduras,1991,100,5.02,2320
Honduras,1992,106,6.01,2330
Honduras,1993,106,6.08,2360
Honduras,1994,108,5.96,2390
Honduras,1995,110,5.49,2410
Honduras,1996,110,6.63,2400
Honduras,1997,112,6.88,2410
Honduras,1998,111,6.38,2400
Honduras,1999,109,8.35,2370
Honduras,2000,109,8.37,2450
Honduras,2001,108,7.33,2470
Honduras,2002,115,6.9,2480
Honduras,2003,114,7.13,2480
Honduras,2004,116,7.78,2490
Honduras,2005,124,8.49,2530
Honduras,2006,126,9.19,2570
Honduras,2007,126,9.49,2600
Honduras,2008,128,9.33,2600
Honduras,2009,127,9.25,2600
Honduras,2010,124,8.9,2620
Honduras,2011,130,7.96,2630
Honduras,2012,131,7.94,2640
Haiti,1990,52.6,1.87,1750
Haiti,1991,50.4,1.72,1720
Haiti,1992,45.3,1.86,1720
Haiti,1993,43.6,1.63,1700
Haiti,1994,56,1.9,1760
Haiti,1995,51.7,2.15,1810
Haiti,1996,50.9,2.18,1840
Haiti,1997,53.4,2.22,1920
Haiti,1998,65.6,2.38,1960
Haiti,1999,60.1,2.72,1960
Haiti,2000,60.9,2.69,1900
Haiti,2001,63.9,2.72,1900
Haiti,2002,58.6,2.8,1870
Haiti,2003,60.8,2.77,1890
Haiti,2004,60.1,2.88,1880
Haiti,2005,60.3,2.92,1940
Haiti,2006,59.7,3.03,1970
Haiti,2007,58.7,3.06,2010
Haiti,2008,56.6,3.42,2060
Haiti,2009,47.9,3.13,2170
Haiti,2010,49.5,3.47,2100
Haiti,2011,51,4.28,2080
Haiti,2012,45.8,4.42,2090
Hungary,1990,109,18.9,3210
Hungary,1991,124,17.1,3280
Hungary,1992,110,15.7,3110
Hungary,1993,108,17.1,3030
Hungary,1994,117,15.4,2950
Hungary,1995,125,14.7,2930
Hungary,1996,125,14.6,3010
Hungary,1997,131,12.5,3010
Hungary,1998,119,12.7,3000
Hungary,1999,105,12.9,3170
Hungary,2000,104,14.7,3090
Hungary,2001,102,15,3080
Hungary,2002,103,16.8,3060
Hungary,2003,103,17.4,3190
Hungary,2004,98.8,17.8,3270
Hungary,2005,102,17.5,3280
Hungary,2006,95.9,18,3160
Hungary,2007,98.3,20.1,3150
Hungary,2008,93.9,19.2,3140
Hungary,2009,94,20,3060
Hungary,2010,96.8,20.2,3060
Hungary,2011,94.2,19.1,3010
Hungary,2012,95,19.8,3040
Indonesia,1990,38.2,2.28,2360
Indonesia,1991,37.4,2.26,2420
Indonesia,1992,38.3,2.28,2430
Indonesia,1993,42.3,2.38,2470
Indonesia,1994,42.9,2.56,2550
Indonesia,1995,43,2.72,2550
Indonesia,1996,45.1,2.54,2500
Indonesia,1997,45.1,2.01,2490
Indonesia,1998,42.3,2.75,2470
Indonesia,1999,44.4,2.71,2440
Indonesia,2000,45.1,2.85,2420
Indonesia,2001,45.1,3.53,2450
Indonesia,2002,45.2,3.59,2470
Indonesia,2003,44.9,3.57,2470
Indonesia,2004,46.5,3.73,2470
Indonesia,2005,39.6,3.5,2480
Indonesia,2006,39.1,3.95,2520
Indonesia,2007,37.9,3.97,2540
Indonesia,2008,39,4.15,2600
Indonesia,2009,39.3,4.63,2650
Indonesia,2010,40.5,5.18,2710
Indonesia,2011,44,5.32,2770
Indonesia,2012,46.5,5.63,2780
India,1990,57.3,2.43,2300
India,1991,58,2.44,2330
India,1992,51.9,2.45,2270
India,1993,57.3,2.47,2290
India,1994,57.9,2.51,2320
India,1995,56.9,2.56,2340
India,1996,62.3,2.57,2370
India,1997,62.9,2.61,2360
India,1998,62.3,2.65,2400
India,1999,63.7,2.67,2380
India,2000,64.1,2.71,2330
India,2001,62.9,2.72,2290
India,2002,66.2,2.77,2280
India,2003,54.7,2.81,2260
India,2004,54.2,2.88,2270
India,2005,55.1,2.93,2330
India,2006,56.2,3.01,2400
India,2007,62.2,3.05,2430
India,2008,62.4,3.11,2420
India,2009,59.9,3.28,2440
India,2010,60.9,3.58,2460
India,2011,63.6,3.7,2440
India,2012,64.2,3.85,2460
Ireland,1990,119,25,3580
Ireland,1991,131,25.9,3620
Ireland,1992,135,26.9,3530
Ireland,1993,135,28.6,3580
Ireland,1994,126,29.5,3510
Ireland,1995,110,30.9,3610
Ireland,1996,110,32.2,3680
Ireland,1997,106,33.9,3680
Ireland,1998,111,36,3700
Ireland,1999,120,38.7,3730
Ireland,2000,118,41,3720
Ireland,2001,91.2,42.6,3580
Ireland,2002,105,43.7,3590
Ireland,2003,103,45.3,3570
Ireland,2004,104,47.6,3490
Ireland,2005,108,50.8,3500
Ireland,2006,116,50.4,3530
Ireland,2007,120,46.6,3580
Ireland,2008,108,45.8,3570
Ireland,2009,105,44.1,3590
Ireland,2010,135,42.9,3600
Ireland,2011,133,43.2,3600
Ireland,2012,126,43.1,3600
Iran,1990,73.7,9.46,2940
Iran,1991,75.8,9.79,3030
Iran,1992,76.6,9.95,3110
Iran,1993,78,10,3070
Iran,1994,73.6,9.76,3050
Iran,1995,72.8,9.31,3050
Iran,1996,72.8,9.84,3090
Iran,1997,72.7,10.8,3100
Iran,1998,73,11,3090
Iran,1999,72.6,10.9,3050
Iran,2000,72.6,12.1,3040
Iran,2001,72.9,12.7,3030
Iran,2002,73,14.2,3040
Iran,2003,74.5,14.2,3090
Iran,2004,75.3,16.7,3070
Iran,2005,77.2,17.1,3000
Iran,2006,76.3,18.4,3030
Iran,2007,75.2,17,3010
Iran,2008,77,16.5,3060
Iran,2009,81.2,16.8,3090
Iran,2010,80.1,17,3050
Iran,2011,79.6,16.2,3060
Iran,2012,79.8,15.4,3090
Iraq,1990,46.5,2.07,2360
Iraq,1991,48.6,2.66,2250
Iraq,1992,47.1,3.37,2260
Iraq,1993,47.5,3.39,2230
Iraq,1994,38.7,3.36,2200
Iraq,1995,33.4,3.62,2180
Iraq,1996,41.5,4.25,2100
Iraq,1997,42.4,5.56,2120
Iraq,1998,47.2,6.34,2150
Iraq,1999,47.2,6.24,2180
Iraq,2000,49.3,6.2,2250
Iraq,2001,51.3,5.6,2270
Iraq,2002,51.5,3.64,2250
Iraq,2003,74.6,5.47,2370
Iraq,2004,64.5,5.58,2350
Iraq,2005,69.7,6.03,2370
Iraq,2006,61.2,5.99,2380
Iraq,2007,50.8,6.1,2360
Iraq,2008,43.5,6.12,2440
Iraq,2009,52.5,6.17,2510
Iraq,2010,51.9,6.23,2490
Iraq,2011,50.4,6.37,2530
Iraq,2012,52.8,6.59,2550
Iceland,1990,156,37.1,3120
Iceland,1991,156,35.4,3110
Iceland,1992,156,33.4,3090
Iceland,1993,163,34.1,3120
Iceland,1994,166,34.7,3110
Iceland,1995,159,36.2,3030
Iceland,1996,166,38.2,3110
Iceland,1997,160,42.1,3120
Iceland,1998,154,44.6,3160
Iceland,1999,147,45.8,3150
Iceland,2000,142,43.9,3150
Iceland,2001,145,43.2,3210
Iceland,2002,144,45.5,3240
Iceland,2003,138,46.6,3290
Iceland,2004,131,48.6,3320
Iceland,2005,129,55.7,3400
Iceland,2006,127,58.8,3460
Iceland,2007,128,61.3,3430
Iceland,2008,133,51.4,3390
Iceland,2009,134,45.6,3340
Iceland,2010,130,45.6,3350
Iceland,2011,132,46.6,3400
Iceland,2012,132,47.6,3380
Israel,1990,119,22.6,3420
Israel,1991,120,23.5,3450
Israel,1992,117,23.7,3400
Israel,1993,120,24,3350
Israel,1994,124,24.2,3470
Israel,1995,137,24.4,3500
Israel,1996,140,24.5,3510
Israel,1997,142,25.4,3500
Israel,1998,144,25.9,3480
Israel,1999,145,27.5,3550
Israel,2000,120,27.9,3600
Israel,2001,122,27.6,3700
Israel,2002,107,26.9,3580
Israel,2003,74.9,27.7,3620
Israel,2004,73.5,27.9,3630
Israel,2005,70.6,28.7,3620
Israel,2006,71.6,30.1,3530
Israel,2007,69.4,30.5,3520
Israel,2008,71.6,30.4,3510
Israel,2009,75.5,31.7,3540
Israel,2010,75.4,32.7,3550
Israel,2011,76.9,33.2,3600
Israel,2012,76.2,34.1,3610
Italy,1990,84.9,34.1,3650
Italy,1991,84.5,34.1,3540
Italy,1992,83.7,32.5,3470
Italy,1993,82.5,32.1,3490
Italy,1994,83.2,31.7,3510
Italy,1995,84.3,32,3570
Italy,1996,88.1,33.2,3580
Italy,1997,89.1,34.3,3670
Italy,1998,80.6,34.7,3700
Italy,1999,84.7,35,3670
Italy,2000,87.4,42.5,3670
Italy,2001,85.8,40.1,3660
Italy,2002,85.8,43,3620
Italy,2003,88.1,44.2,3630
Italy,2004,87.4,43.5,3570
Italy,2005,81.9,44.4,3630
Italy,2006,81.3,44.6,3620
Italy,2007,81.5,44,3600
Italy,2008,81.2,44.5,3600
Italy,2009,82.3,43.7,3580
Italy,2010,84.3,43,3580
Italy,2011,86.4,41.1,3580
Italy,2012,88,40.6,3580
Jamaica,1990,141,7.08,2580
Jamaica,1991,139,6.12,2630
Jamaica,1992,145,5.51,2710
Jamaica,1993,144,7.29,2720
Jamaica,1994,109,7.55,2680
Jamaica,1995,140,8.42,2720
Jamaica,1996,130,9.39,2700
Jamaica,1997,137,10.2,2710
Jamaica,1998,139,11.3,2730
Jamaica,1999,161,11.3,2730
Jamaica,2000,157,11.6,2800
Jamaica,2001,157,12.3,2800
Jamaica,2002,154,12.5,2810
Jamaica,2003,136,12.3,2790
Jamaica,2004,143,12.3,2800
Jamaica,2005,131,12.6,2790
Jamaica,2006,132,12.8,2790
Jamaica,2007,151,12.6,2750
Jamaica,2008,137,12,2750
Jamaica,2009,137,11.7,2760
Jamaica,2010,138,11.9,2770
Jamaica,2011,143,11.7,2750
Jamaica,2012,135,11.7,2750
Jordan,1990,116,7.24,2820
Jordan,1991,112,8.87,2740
Jordan,1992,111,8.17,2730
Jordan,1993,108,7.81,2630
Jordan,1994,93.8,7.38,2690
Jordan,1995,95.8,7.62,2660
Jordan,1996,107,7.72,2750
Jordan,1997,104,8.09,2730
Jordan,1998,104,8.15,2660
Jordan,1999,115,9.14,2730
Jordan,2000,113,9.42,2840
Jordan,2001,117,9.14,2940
Jordan,2002,122,8.91,3080
Jordan,2003,137,9.37,3120
Jordan,2004,136,9.86,3120
Jordan,2005,143,9.93,3150
Jordan,2006,134,10.1,3120
Jordan,2007,134,10.1,3070
Jordan,2008,115,10.7,3100
Jordan,2009,130,10.8,3100
Jordan,2010,113,11.3,3140
Jordan,2011,133,11.8,3140
Jordan,2012,128,12.2,3100
Japan,1990,89.8,34.7,2930
Japan,1991,88.9,35.4,2940
Japan,1992,87.2,35.6,2930
Japan,1993,86.4,36.3,2930
Japan,1994,84.3,37.1,2920
Japan,1995,84.4,37.8,2960
Japan,1996,82.9,38,2940
Japan,1997,83.9,37.6,2900
Japan,1998,82.3,38,2900
Japan,1999,78.4,38.5,2900
Japan,2000,80.8,39.2,2890
Japan,2001,81.5,39.5,2850
Japan,2002,82.3,39.7,2840
Japan,2003,82.5,40.2,2840
Japan,2004,78.6,40.7,2830
Japan,2005,75.7,41.1,2780
Japan,2006,82.5,41.5,2820
Japan,2007,77.8,41,2730
Japan,2008,75.6,44.5,2680
Japan,2009,69.4,49.5,2690
Japan,2010,76.3,48,2710
Japan,2011,75.2,47.7,2740
Japan,2012,74.2,47.5,2730
Kenya,1990,55.5,5.75,2030
Kenya,1991,52.8,5.53,1930
Kenya,1992,48.5,3.96,1890
Kenya,1993,50.2,3.7,2060
Kenya,1994,50,3.84,2060
Kenya,1995,44.8,3.98,2050
Kenya,1996,41.4,3.98,2020
Kenya,1997,49.3,3.9,2050
Kenya,1998,49.1,3.78,2080
Kenya,1999,57.3,3.6,2050
Kenya,2000,53.9,3.54,2070
Kenya,2001,52.3,3.37,2020
Kenya,2002,51.8,3.27,2000
Kenya,2003,51.7,3.25,2020
Kenya,2004,52.3,3.25,2160
Kenya,2005,51,3.26,2160
Kenya,2006,49.3,3.27,2110
Kenya,2007,48.3,3.26,2110
Kenya,2008,47,3.26,2170
Kenya,2009,46.8,3.28,2160
Kenya,2010,45.5,3.29,2170
Kenya,2011,44.4,3.29,2190
Kenya,2012,43.7,3.3,2210
Cambodia,1990,7.56,1.82,2010
Cambodia,1991,10.5,1.82,2040
Cambodia,1992,4.22,1.77,2030
Cambodia,1993,5.54,1.81,2040
Cambodia,1994,5.37,1.84,2040
Cambodia,1995,10.6,1.85,1900
Cambodia,1996,14.4,1.87,1900
Cambodia,1997,16.7,1.88,1980
Cambodia,1998,18.7,2.02,2050
Cambodia,1999,23,2.12,2120
Cambodia,2000,31.8,2.2,2170
Cambodia,2001,51.3,2.26,2260
Cambodia,2002,47.7,2.36,2260
Cambodia,2003,62.9,2.51,2280
Cambodia,2004,49,2.74,2330
Cambodia,2005,48.1,2.92,2380
Cambodia,2006,48.4,3.09,2390
Cambodia,2007,56.9,3.17,2400
Cambodia,2008,54.1,3.11,2420
Cambodia,2009,51.3,3.1,2420
Cambodia,2010,49.6,3.18,2430
Cambodia,2011,51,3.35,2430
Cambodia,2012,51.5,3.54,2480
Kiribati,1990,102,5.15,2720
Kiribati,1991,95.3,5.12,2730
Kiribati,1992,98.7,5.1,2770
Kiribati,1993,97.8,5.12,2670
Kiribati,1994,98.1,5.05,2800
Kiribati,1995,99.2,5.06,2770
Kiribati,1996,108,5.06,2770
Kiribati,1997,113,5.3,2840
Kiribati,1998,118,5.13,2860
Kiribati,1999,116,5.36,2840
Kiribati,2000,123,5.19,2880
Kiribati,2001,126,5.3,2860
Kiribati,2002,129,5.31,2870
Kiribati,2003,127,5.13,2840
Kiribati,2004,125,5.28,2940
Kiribati,2005,126,5.16,2900
Kiribati,2006,124,5.15,2890
Kiribati,2007,131,4.93,2880
Kiribati,2008,125,4.86,2940
Kiribati,2009,123,4.72,2960
Kiribati,2010,127,4.71,3030
Kiribati,2011,124,4.86,3060
Kiribati,2012,122,4.99,3040
St. Kitts and Nevis,1990,112,10.5,2520
St. Kitts and Nevis,1991,114,10.8,2510
St. Kitts and Nevis,1992,113,11.4,2410
St. Kitts and Nevis,1993,117,11.9,2430
St. Kitts and Nevis,1994,136,12.4,2490
St. Kitts and Nevis,1995,138,13,2510
St. Kitts and Nevis,1996,131,13.8,2420
St. Kitts and Nevis,1997,129,13.6,2400
St. Kitts and Nevis,1998,129,13.9,2380
St. Kitts and Nevis,1999,129,15.1,2510
St. Kitts and Nevis,2000,140,15.8,2540
St. Kitts and Nevis,2001,136,15.8,2510
St. Kitts and Nevis,2002,130,15,2460
St. Kitts and Nevis,2003,117,15.4,2470
St. Kitts and Nevis,2004,125,16.7,2410
St. Kitts and Nevis,2005,119,17,2430
St. Kitts and Nevis,2006,127,17,2450
St. Kitts and Nevis,2007,126,17.9,2510
St. Kitts and Nevis,2008,128,17,2490
St. Kitts and Nevis,2009,124,16.7,2490
St. Kitts and Nevis,2010,130,16.9,2470
St. Kitts and Nevis,2011,129,16.4,2480
St. Kitts and Nevis,2012,133,17.1,2490
South Korea,1990,91.7,19,2950
South Korea,1991,92,20.1,3000
South Korea,1992,87.3,21.2,2960
South Korea,1993,84.2,23,2980
South Korea,1994,86.4,25.2,3020
South Korea,1995,87.6,26.9,3060
South Korea,1996,92.6,27.7,3070
South Korea,1997,80.7,24.3,2980
South Korea,1998,90.8,27,3100
South Korea,1999,96.3,29.3,3090
South Korea,2000,100,30.7,3080
South Korea,2001,103,33.3,3080
South Korea,2002,103,33,3060
South Korea,2003,103,33,3100
South Korea,2004,104,34.5,3100
South Korea,2005,104,36,3110
South Korea,2006,100,37,3140
South Korea,2007,99.9,37.2,3190
South Korea,2008,95.1,36.7,3200
South Korea,2009,104,37.7,3280
South Korea,2010,100,39,3350
South Korea,2011,103,39.8,3330
South Korea,2012,105,40.7,3330
Kuwait,1990,69.1,21.2,1900
Kuwait,1991,73.8,41.1,2220
Kuwait,1992,85.1,59.1,2490
Kuwait,1993,102,68.4,2930
Kuwait,1994,112,71.4,3210
Kuwait,1995,113,70.9,3270
Kuwait,1996,117,69.2,3340
Kuwait,1997,117,67,3360
Kuwait,1998,113,61.7,3400
Kuwait,1999,110,61.6,3440
Kuwait,2000,99.5,60.1,3480
Kuwait,2001,119,60.9,3450
Kuwait,2002,127,70.6,3500
Kuwait,2003,117,76.5,3510
Kuwait,2004,112,82,3580
Kuwait,2005,108,84.3,3590
Kuwait,2006,110,84.7,3570
Kuwait,2007,106,81.9,3510
Kuwait,2008,106,71.6,3470
Kuwait,2009,98.4,65.9,3460
Kuwait,2010,96.6,68.3,3470
Kuwait,2011,107,68.9,3440
Kuwait,2012,106,66.1,3500
Lao,1990,7.87,3.11,1990
Lao,1991,5.96,3.2,1960
Lao,1992,7.72,3.09,1960
Lao,1993,9.92,3,1980
Lao,1994,10.9,2.85,1980
Lao,1995,10.1,2.69,2030
Lao,1996,9.93,2.51,2040
Lao,1997,11.1,2.5,2050
Lao,1998,12.8,2.64,2040
Lao,1999,12.2,2.75,2120
Lao,2000,12.8,2.87,2090
Lao,2001,11.9,2.99,2140
Lao,2002,12.2,3.16,2180
Lao,2003,10.9,3.29,2210
Lao,2004,14.4,3.38,2270
Lao,2005,14.5,3.43,2240
Lao,2006,16.6,3.41,2280
Lao,2007,17.1,3.67,2250
Lao,2008,16.9,3.72,2310
Lao,2009,16.3,4.04,2340
Lao,2010,17.7,4.08,2400
Lao,2011,19.1,4.39,2380
Lao,2012,19.7,4.53,2450
Lebanon,1990,114,13.4,3280
Lebanon,1991,130,19.8,3250
Lebanon,1992,123,21.7,3250
Lebanon,1993,132,21,3280
Lebanon,1994,128,21.2,3290
Lebanon,1995,130,21.4,3290
Lebanon,1996,134,20.3,3370
Lebanon,1997,139,20.5,3370
Lebanon,1998,141,20.4,3380
Lebanon,1999,133,20.2,3290
Lebanon,2000,105,20.5,3320
Lebanon,2001,102,20,3270
Lebanon,2002,104,19.8,3200
Lebanon,2003,106,20.1,3180
Lebanon,2004,103,18.9,3120
Lebanon,2005,103,19.3,3130
Lebanon,2006,137,20.6,3180
Lebanon,2007,131,22.6,3130
Lebanon,2008,134,25.3,3140
Lebanon,2009,145,26.7,3160
Lebanon,2010,138,24.7,3130
Lebanon,2011,131,25.4,3090
Lebanon,2012,123,24.5,3070
Liberia,1990,11.9,3.54,2350
Liberia,1991,12,2.07,2290
Liberia,1992,15.3,1.26,2120
Liberia,1993,14.6,0.944,2070
Liberia,1994,15.2,0.852,1990
Liberia,1995,11.3,0.883,1990
Liberia,1996,13.4,1.58,2170
Liberia,1997,16.3,1.74,2140
Liberia,1998,12.5,1.91,2090
Liberia,1999,13,2.19,2120
Liberia,2000,13.4,2.18,2040
Liberia,2001,14.2,2.21,2070
Liberia,2002,13.6,1.51,2050
Liberia,2003,14.5,1.53,2090
Liberia,2004,15.1,1.56,2160
Liberia,2005,16.2,1.63,2120
Liberia,2006,16.3,1.72,2150
Liberia,2007,16.8,1.84,2230
Liberia,2008,19,1.89,2230
Liberia,2009,19.9,1.99,2200
Liberia,2010,19.9,2.2,2250
Liberia,2011,14.5,2.42,2200
Liberia,2012,15.5,2.58,2200
St. Lucia,1990,99.3,3.29,2570
St. Lucia,1991,103,3.51,2690
St. Lucia,1992,101,3.49,2680
St. Lucia,1993,102,3.5,2730
St. Lucia,1994,105,3.52,2670
St. Lucia,1995,103,4.97,2670
St. Lucia,1996,104,4.73,2740
St. Lucia,1997,105,7.46,2680
St. Lucia,1998,108,8.77,2710
St. Lucia,1999,103,7.74,2710
St. Lucia,2000,110,3.6,2610
St. Lucia,2001,107,7.82,2680
St. Lucia,2002,99,6.52,2640
St. Lucia,2003,105,12.6,2650
St. Lucia,2004,100,11.2,2650
St. Lucia,2005,107,16.2,2630
St. Lucia,2006,112,16.5,2590
St. Lucia,2007,117,13.6,2560
St. Lucia,2008,116,15.7,2580
St. Lucia,2009,112,16.3,2600
St. Lucia,2010,113,15.9,2580
St. Lucia,2011,110,16.5,2580
St. Lucia,2012,106,16.2,2600
Sri Lanka,1990,67.7,4.38,2190
Sri Lanka,1991,66.6,4.44,2150
Sri Lanka,1992,52,4.55,2100
Sri Lanka,1993,70.4,4.65,2290
Sri Lanka,1994,51.6,4.83,2220
Sri Lanka,1995,66.2,4.64,2240
Sri Lanka,1996,77.8,4.86,2270
Sri Lanka,1997,85.7,5.05,2300
Sri Lanka,1998,74.3,5.22,2380
Sri Lanka,1999,85.2,5.31,2320
Sri Lanka,2000,83.8,5.31,2360
Sri Lanka,2001,85.9,5.54,2330
Sri Lanka,2002,78.5,5.92,2330
Sri Lanka,2003,76,6.05,2350
Sri Lanka,2004,72.4,6.1,2350
Sri Lanka,2005,83,6.42,2380
Sri Lanka,2006,72.2,6.52,2380
Sri Lanka,2007,88.2,6.55,2440
Sri Lanka,2008,69.8,6.55,2450
Sri Lanka,2009,79.4,6.75,2470
Sri Lanka,2010,75.4,7.18,2490
Sri Lanka,2011,74.5,7.29,2510
Sri Lanka,2012,73.4,7.67,2540
Lesotho,1990,46,4,2380
Lesotho,1991,46.9,4.15,2380
Lesotho,1992,46,4.2,2380
Lesotho,1993,45.1,4.33,2410
Lesotho,1994,44.4,4.21,2300
Lesotho,1995,42.8,4.06,2360
Lesotho,1996,42.7,3.83,2400
Lesotho,1997,42.4,3.52,2430
Lesotho,1998,43,3.19,2460
Lesotho,1999,43,2.97,2460
Lesotho,2000,43.4,2.75,2490
Lesotho,2001,44.7,2.44,2520
Lesotho,2002,47.6,2.33,2520
Lesotho,2003,46.6,2.42,2540
Lesotho,2004,45.6,2.59,2570
Lesotho,2005,46.8,2.8,2600
Lesotho,2006,47.2,3.03,2560
Lesotho,2007,46.8,3.35,2560
Lesotho,2008,47.2,3.46,2570
Lesotho,2009,46.9,3.49,2570
Lesotho,2010,46.4,3.75,2550
Lesotho,2011,49,4.09,2550
Lesotho,2012,45.5,4.3,2530
Morocco,1990,84.5,7.73,3070
Morocco,1991,91.8,7.33,2900
Morocco,1992,96.9,6.85,2880
Morocco,1993,96.9,7.34,3000
Morocco,1994,94.9,6.69,2950
Morocco,1995,91.4,7.2,3090
Morocco,1996,98.2,6.54,3100
Morocco,1997,99.5,6.55,3150
Morocco,1998,91.2,6.58,3080
Morocco,1999,103,6.66,3060
Morocco,2000,99.5,6.69,3120
Morocco,2001,102,6.83,3150
Morocco,2002,99.7,7.14,3200
Morocco,2003,102,7.35,3260
Morocco,2004,103,7.5,3210
Morocco,2005,99.3,7.86,3270
Morocco,2006,108,8.12,3250
Morocco,2007,112,8.72,3270
Morocco,2008,113,9,3290
Morocco,2009,104,9.29,3290
Morocco,2010,108,9.73,3350
Morocco,2011,106,10,3370
Morocco,2012,109,10.2,3400
Madagascar,1990,22.6,2.09,2100
Madagascar,1991,22.1,2.05,2100
Madagascar,1992,24,2.02,2100
Madagascar,1993,24.1,1.95,2030
Madagascar,1994,23.8,1.92,2030
Madagascar,1995,23.8,1.9,2020
Madagascar,1996,22.6,1.91,2020
Madagascar,1997,23.6,1.92,2010
Madagascar,1998,23.1,1.95,2010
Madagascar,1999,22.2,1.96,2010
Madagascar,2000,16.4,1.98,1990
Madagascar,2001,12.3,1.68,1950
Madagascar,2002,19.1,1.79,1980
Madagascar,2003,19,1.82,1980
Madagascar,2004,18.8,1.85,2060
Madagascar,2005,18.7,1.84,2080
Madagascar,2006,19.4,1.85,2100
Madagascar,2007,18.9,1.86,2060
Madagascar,2008,22.1,1.69,2070
Madagascar,2009,21.8,1.61,2070
Madagascar,2010,22.2,1.55,2090
Madagascar,2011,20.1,1.51,2060
Madagascar,2012,20.3,1.5,2050
Maldives,1990,113,4.66,2370
Maldives,1991,110,4.82,2370
Maldives,1992,127,4.95,2420
Maldives,1993,130,5.18,2520
Maldives,1994,117,5.46,2420
Maldives,1995,106,5.78,2420
Maldives,1996,103,6.15,2400
Maldives,1997,91.8,6.5,2430
Maldives,1998,86.7,6.77,2480
Maldives,1999,89.7,6.88,2440
Maldives,2000,94.2,6.45,2480
Maldives,2001,94.3,6.74,2500
Maldives,2002,91,7.38,2400
Maldives,2003,98.5,7.56,2440
Maldives,2004,99.2,6.43,2460
Maldives,2005,96.6,7.81,2390
Maldives,2006,98.3,8.26,2490
Maldives,2007,101,8.79,2550
Maldives,2008,98.5,7.9,2600
Maldives,2009,101,9.79,2720
Maldives,2010,98.6,14.2,2750
Maldives,2011,93.6,12.3,2710
Maldives,2012,83,14.9,2730
Mexico,1990,132,10.6,2990
Mexico,1991,133,11,3000
Mexico,1992,135,10.8,3010
Mexico,1993,132,11.2,3010
Mexico,1994,130,8.9,2970
Mexico,1995,131,7.6,2990
Mexico,1996,123,8.29,2970
Mexico,1997,127,8.89,2970
Mexico,1998,128,9.56,2980
Mexico,1999,132,10.7,3040
Mexico,2000,137,10.8,3090
Mexico,2001,137,10.7,3100
Mexico,2002,138,10.9,3110
Mexico,2003,136,11.5,3110
Mexico,2004,127,11.7,3070
Mexico,2005,133,12.3,3080
Mexico,2006,133,12.5,3100
Mexico,2007,134,12.5,3080
Mexico,2008,136,11.5,3040
Mexico,2009,136,11.6,3040
Mexico,2010,134,12.3,3030
Mexico,2011,139,12.6,3050
Mexico,2012,133,12.3,3070
Mali,1990,31.8,1.29,2370
Mali,1991,27.2,1.22,2360
Mali,1992,22.9,1.22,2350
Mali,1993,34.7,1.23,2330
Mali,1994,27.2,1.29,2340
Mali,1995,39.9,1.34,2370
Mali,1996,28.6,1.44,2360
Mali,1997,38.6,1.66,2430
Mali,1998,37.9,1.8,2450
Mali,1999,38.4,1.66,2450
Mali,2000,37.9,2.25,2500
Mali,2001,39.6,2.25,2500
Mali,2002,36.8,2.43,2520
Mali,2003,35.6,2.38,2540
Mali,2004,35.2,2.48,2580
Mali,2005,37.6,2.53,2650
Mali,2006,36.6,2.47,2720
Mali,2007,37,2.44,2780
Mali,2008,34.8,2.41,2830
Mali,2009,29.4,2.4,2810
Mali,2010,25.4,2.4,2830
Mali,2011,36.1,2.31,2860
Mali,2012,28.1,2.3,2890
Malta,1990,131,20.5,3160
Malta,1991,133,21.3,3130
Malta,1992,133,22,3130
Malta,1993,135,23,3160
Malta,1994,141,24.3,3280
Malta,1995,142,25.1,3290
Malta,1996,142,26.2,3300
Malta,1997,140,27.4,3350
Malta,1998,145,28.5,3370
Malta,1999,135,30.2,3330
Malta,2000,142,29.6,3340
Malta,2001,144,30.2,3340
Malta,2002,147,31.2,3370
Malta,2003,150,31,3370
Malta,2004,149,31.9,3370
Malta,2005,137,32.5,3370
Malta,2006,137,35.5,3370
Malta,2007,162,36.4,3370
Malta,2008,174,35.7,3380
Malta,2009,171,36.1,3390
Malta,2010,165,36.9,3370
Malta,2011,168,38.2,3380
Malta,2012,168,40.3,3380
Myanmar,1990,21.4,0.885,1690
Myanmar,1991,20.4,0.959,1690
Myanmar,1992,19.9,1,1740
Myanmar,1993,19.2,1.07,1720
Myanmar,1994,19.1,1.13,1770
Myanmar,1995,23.9,1.19,1790
Myanmar,1996,28.6,1.24,1840
Myanmar,1997,27.6,1.29,1840
Myanmar,1998,29.9,1.42,1840
Myanmar,1999,30.6,1.59,1910
Myanmar,2000,36,1.76,1960
Myanmar,2001,34.8,1.95,2000
Myanmar,2002,36.9,2.2,2060
Myanmar,2003,37.5,2.47,2090
Myanmar,2004,37,2.79,2140
Myanmar,2005,38.8,3.13,2210
Myanmar,2006,46.8,3.48,2280
Myanmar,2007,47.9,3.81,2370
Myanmar,2008,47,4.19,2410
Myanmar,2009,45.3,4.56,2500
Myanmar,2010,46.8,4.78,2530
Myanmar,2011,47.6,5.09,2570
Myanmar,2012,46.2,5.47,2570
Mongolia,1990,48.5,5.27,2190
Mongolia,1991,29,4.73,1850
Mongolia,1992,34.9,4.54,1850
Mongolia,1993,32.6,4.6,1850
Mongolia,1994,27.2,4.86,2030
Mongolia,1995,28,4.31,2040
Mongolia,1996,31.3,3.81,2030
Mongolia,1997,30.2,3.25,2100
Mongolia,1998,25.9,3.68,2140
Mongolia,1999,33.2,3.73,2180
Mongolia,2000,36,4.14,2220
Mongolia,2001,32.2,4.91,2230
Mongolia,2002,32.3,5.44,2220
Mongolia,2003,33.3,6.12,2230
Mongolia,2004,37,6.59,2250
Mongolia,2005,36.7,7.2,2290
Mongolia,2006,34.2,7.99,2340
Mongolia,2007,39.2,8.53,2380
Mongolia,2008,36.4,8.08,2450
Mongolia,2009,35.7,8.22,2430
Mongolia,2010,39.8,9.05,2450
Mongolia,2011,40.9,10.4,2490
Mongolia,2012,40.3,10.7,2510
Mozambique,1990,9.33,1.36,1710
Mozambique,1991,11.5,1.23,1690
Mozambique,1992,13.8,1.31,1700
Mozambique,1993,16,1.34,1680
Mozambique,1994,15.4,1.32,1850
Mozambique,1995,15,1.42,1940
Mozambique,1996,15.4,1.48,1970
Mozambique,1997,15.8,1.51,1990
Mozambique,1998,16.6,1.55,2000
Mozambique,1999,20.8,1.54,1990
Mozambique,2000,21,1.58,1980
Mozambique,2001,20.4,1.61,2040
Mozambique,2002,23.4,1.64,2090
Mozambique,2003,23.3,1.69,2060
Mozambique,2004,24,1.73,2040
Mozambique,2005,23.6,1.8,2110
Mozambique,2006,27.8,1.86,2080
Mozambique,2007,30.6,1.92,2160
Mozambique,2008,31.3,1.98,2170
Mozambique,2009,30.7,2.07,2240
Mozambique,2010,31.3,2.2,2260
Mozambique,2011,29.4,2.32,2300
Mozambique,2012,30.7,2.44,2280
Mauritania,1990,77.1,3.42,2520
Mauritania,1991,64.3,3.49,2540
Mauritania,1992,79.1,3.69,2600
Mauritania,1993,66.6,3.63,2530
Mauritania,1994,87.6,3.89,2580
Mauritania,1995,80.1,4.34,2600
Mauritania,1996,81.5,4.23,2620
Mauritania,1997,87.5,4.41,2660
Mauritania,1998,89.7,4.63,2640
Mauritania,1999,113,4.5,2630
Mauritania,2000,112,4.37,2630
Mauritania,2001,100,4.33,2640
Mauritania,2002,92.2,4.53,2710
Mauritania,2003,94,4.64,2600
Mauritania,2004,88.7,4.95,2630
Mauritania,2005,89.7,5.7,2600
Mauritania,2006,105,5.46,2730
Mauritania,2007,98.3,5.32,2770
Mauritania,2008,98.3,5.24,2760
Mauritania,2009,97.6,5.28,2800
Mauritania,2010,98,5.41,2810
Mauritania,2011,94.8,5.55,2870
Mauritania,2012,99.2,5.47,2880
Mauritius,1990,117,6.25,2790
Mauritius,1991,116,6.57,2810
Mauritius,1992,105,6.83,2790
Mauritius,1993,105,7.01,2830
Mauritius,1994,114,7.25,2900
Mauritius,1995,110,7.57,2870
Mauritius,1996,107,7.91,2830
Mauritius,1997,105,8.3,2860
Mauritius,1998,103,8.41,2860
Mauritius,1999,104,9.01,2900
Mauritius,2000,111,9.24,2950
Mauritius,2001,101,9.32,2950
Mauritius,2002,106,9.8,2960
Mauritius,2003,103,10.2,3020
Mauritius,2004,103,10.3,3010
Mauritius,2005,106,10.7,3020
Mauritius,2006,103,11.2,3080
Mauritius,2007,96.4,11.5,3000
Mauritius,2008,96.7,11.7,3120
Mauritius,2009,88,12,3150
Mauritius,2010,80.9,12.3,3060
Mauritius,2011,91.3,12.5,3010
Mauritius,2012,96,12.7,3070
Malawi,1990,41,3.45,1910
Malawi,1991,40.5,3.17,1800
Malawi,1992,36.5,3.47,1880
Malawi,1993,41.4,3.1,1900
Malawi,1994,44.8,3.59,2000
Malawi,1995,42.2,3.78,2020
Malawi,1996,42.8,3.83,2060
Malawi,1997,37.3,3.82,2120
Malawi,1998,34,3.52,2180
Malawi,1999,31.1,3.35,2200
Malawi,2000,33.3,2.65,2240
Malawi,2001,33.7,2.35,2170
Malawi,2002,34.1,2.14,2170
Malawi,2003,34.3,1.9,2170
Malawi,2004,34.1,1.83,2190
Malawi,2005,34.4,1.84,2270
Malawi,2006,34.5,1.86,2290
Malawi,2007,36.9,1.87,2320
Malawi,2008,32.4,1.89,2310
Malawi,2009,33.8,1.9,2330
Malawi,2010,21.9,1.95,2350
Malawi,2011,32,1.92,2330
Malawi,2012,22.6,1.99,2370
Malaysia,1990,105,13,2650
Malaysia,1991,105,13.2,2770
Malaysia,1992,112,13.3,2800
Malaysia,1993,120,13.5,2840
Malaysia,1994,137,13.7,2920
Malaysia,1995,149,16.1,2920
Malaysia,1996,133,17.1,2910
Malaysia,1997,129,14.7,2890
Malaysia,1998,129,14.4,2910
Malaysia,1999,114,15.6,2840
Malaysia,2000,119,15.4,2820
Malaysia,2001,106,15.3,2770
Malaysia,2002,109,15.8,2790
Malaysia,2003,98.7,16.3,2830
Malaysia,2004,84.8,16.9,2790
Malaysia,2005,97.5,17.2,2810
Malaysia,2006,107,17.7,2840
Malaysia,2007,110,18.3,2790
Malaysia,2008,116,18.4,2840
Malaysia,2009,117,19.7,2880
Malaysia,2010,117,22.1,2890
Malaysia,2011,121,23.7,2900
Malaysia,2012,121,25.2,2920
Namibia,1990,93.4,6.87,2070
Namibia,1991,94.4,7.17,2030
Namibia,1992,94.5,6.88,2000
Namibia,1993,96.4,6.84,2000
Namibia,1994,93.6,6.95,2030
Namibia,1995,82.1,7.02,2040
Namibia,1996,73.3,7.17,2080
Namibia,1997,67.5,7.26,2070
Namibia,1998,62.6,5.99,2170
Namibia,1999,62.4,6.1,2250
Namibia,2000,61.5,6.07,2270
Namibia,2001,60.8,6.27,2220
Namibia,2002,59.6,6.44,2250
Namibia,2003,59,7.07,2270
Namibia,2004,59.7,7.12,2240
Namibia,2005,57.5,7.43,2230
Namibia,2006,51.6,7.64,2220
Namibia,2007,42.9,7.69,2120
Namibia,2008,45.1,7.59,2060
Namibia,2009,46,8.06,2060
Namibia,2010,48.1,8.65,2090
Namibia,2011,54.2,9.25,2150
Namibia,2012,55.4,9.97,2170
Niger,1990,12.1,1.63,2090
Niger,1991,10,1.61,2070
Niger,1992,9.61,1.53,2040
Niger,1993,7.75,1.4,1990
Niger,1994,16.5,1.39,2060
Niger,1995,16.5,1.38,2100
Niger,1996,18.5,1.4,2170
Niger,1997,18.9,1.53,2190
Niger,1998,17.3,1.52,2220
Niger,1999,18.5,1.49,2330
Niger,2000,15.8,1.58,2340
Niger,2001,14.4,1.64,2310
Niger,2002,17.3,1.66,2400
Niger,2003,19.6,1.65,2450
Niger,2004,18.8,1.75,2440
Niger,2005,17.5,1.81,2440
Niger,2006,15.8,1.79,2460
Niger,2007,15.3,2.21,2520
Niger,2008,18.4,1.93,2520
Niger,2009,13.3,2.27,2530
Niger,2010,13.3,2.37,2530
Niger,2011,13.1,2.51,2570
Niger,2012,14.5,2.54,2550
Nigeria,1990,16.6,2.22,2340
Nigeria,1991,17,2.22,2430
Nigeria,1992,18.1,2.18,2520
Nigeria,1993,14,2.15,2500
Nigeria,1994,22.1,2.15,2560
Nigeria,1995,17,2.25,2560
Nigeria,1996,19.7,2.22,2600
Nigeria,1997,22,2.16,2630
Nigeria,1998,22.2,2.05,2630
Nigeria,1999,22,2.03,2610
Nigeria,2000,29.2,2.03,2610
Nigeria,2001,29.2,2.2,2610
Nigeria,2002,28.5,2.22,2610
Nigeria,2003,28.8,2.27,2660
Nigeria,2004,27.5,2.29,2710
Nigeria,2005,25.6,2.31,2730
Nigeria,2006,26.1,2.33,2720
Nigeria,2007,26.8,2.35,2720
Nigeria,2008,27.9,2.38,2680
Nigeria,2009,28.4,2.48,2710
Nigeria,2010,25.9,2.69,2710
Nigeria,2011,28.5,2.82,2670
Nigeria,2012,29.4,2.74,2700
Nicaragua,1990,64,5.82,1800
Nicaragua,1991,79.2,6.06,1790
Nicaragua,1992,78.9,5.76,1850
Nicaragua,1993,91.4,5.62,1930
Nicaragua,1994,93.1,5.57,1970
Nicaragua,1995,98.7,5.56,1980
Nicaragua,1996,95.5,5.62,1960
Nicaragua,1997,100,5.66,2070
Nicaragua,1998,98,5.44,2080
Nicaragua,1999,103,5.35,2130
Nicaragua,2000,103,5.19,2300
Nicaragua,2001,102,5.25,2290
Nicaragua,2002,101,5.18,2320
Nicaragua,2003,100,5.12,2360
Nicaragua,2004,100,5.13,2400
Nicaragua,2005,101,8.06,2410
Nicaragua,2006,100,8.14,2470
Nicaragua,2007,108,8.1,2470
Nicaragua,2008,108,7.93,2470
Nicaragua,2009,114,8.35,2510
Nicaragua,2010,118,8.68,2540
Nicaragua,2011,114,9.39,2560
Nicaragua,2012,116,10.1,2640
Netherlands,1990,166,42.1,3340
Netherlands,1991,156,40.7,3320
Netherlands,1992,150,39.3,3320
Netherlands,1993,138,39.7,3240
Netherlands,1994,133,40.4,3360
Netherlands,1995,128,41.7,3370
Netherlands,1996,129,42.9,3270
Netherlands,1997,128,44.5,3360
Netherlands,1998,127,46.3,3280
Netherlands,1999,126,46.6,3270
Netherlands,2000,126,46.7,3250
Netherlands,2001,126,47.5,3250
Netherlands,2002,131,46.7,3140
Netherlands,2003,130,46.7,3200
Netherlands,2004,128,47.2,3230
Netherlands,2005,127,50.1,3210
Netherlands,2006,128,52.5,3240
Netherlands,2007,126,52.5,3230
Netherlands,2008,129,51.7,3210
Netherlands,2009,129,51.1,3210
Netherlands,2010,125,50.5,3210
Netherlands,2011,124,49.8,3230
Netherlands,2012,122,48.8,3230
Norway,1990,115,39.5,3220
Norway,1991,118,39.6,3220
Norway,1992,120,39.7,3220
Norway,1993,121,39.9,3280
Norway,1994,121,40.1,3220
Norway,1995,120,42.8,3310
Norway,1996,126,44.1,3330
Norway,1997,125,45.3,3400
Norway,1998,127,46.9,3420
Norway,1999,126,48.8,3380
Norway,2000,123,49.5,3420
Norway,2001,121,50.7,3460
Norway,2002,117,52,3440
Norway,2003,112,54.9,3480
Norway,2004,104,56.3,3520
Norway,2005,101,54,3450
Norway,2006,103,59.7,3460
Norway,2007,105,61.9,3480
Norway,2008,103,61.9,3470
Norway,2009,105,62.1,3490
Norway,2010,110,65.2,3490
Norway,2011,114,66.7,3500
Norway,2012,120,70,3490
Nepal,1990,10.7,1.8,2220
Nepal,1991,11.2,1.83,2230
Nepal,1992,12.9,1.85,2190
Nepal,1993,7.09,1.95,2250
Nepal,1994,9.73,1.96,2240
Nepal,1995,10.8,2.06,2220
Nepal,1996,13.6,2.2,2270
Nepal,1997,12.2,2.25,2240
Nepal,1998,13.5,2.38,2310
Nepal,1999,14.2,2.61,2260
Nepal,2000,13.6,2.78,2280
Nepal,2001,13.3,2.7,2280
Nepal,2002,13.7,2.84,2340
Nepal,2003,13.8,2.92,2370
Nepal,2004,12.9,3.05,2410
Nepal,2005,13.8,3.26,2380
Nepal,2006,13.9,3.36,2430
Nepal,2007,12.7,3.37,2490
Nepal,2008,12.5,3.63,2530
Nepal,2009,11.8,3.96,2560
Nepal,2010,11.9,3.98,2610
Nepal,2011,12.5,4.63,2660
Nepal,2012,13,4.76,2670
New Zealand,1990,142,28.8,3200
New Zealand,1991,141,28.8,3190
New Zealand,1992,135,30.3,3230
New Zealand,1993,144,31.4,3170
New Zealand,1994,127,32.4,3210
New Zealand,1995,137,33.1,3200
New Zealand,1996,144,33.3,3220
New Zealand,1997,145,33.3,3210
New Zealand,1998,148,34.9,3190
New Zealand,1999,157,35.7,3170
New Zealand,2000,164,36.7,3120
New Zealand,2001,166,37.8,3120
New Zealand,2002,170,38.7,3120
New Zealand,2003,165,39.7,3160
New Zealand,2004,169,40.5,3180
New Zealand,2005,162,41.2,3150
New Zealand,2006,165,42.1,3180
New Zealand,2007,171,41.3,3210
New Zealand,2008,165,40.8,3140
New Zealand,2009,156,41,3140
New Zealand,2010,159,41.6,3140
New Zealand,2011,158,42.3,3130
New Zealand,2012,162,43.1,3140
Oman,1990,68.8,19.8,2330
Oman,1991,70,20.5,2410
Oman,1992,67.2,20.8,2320
Oman,1993,66.8,20.9,2400
Oman,1994,65.8,21.3,2360
Oman,1995,72.7,21.7,2400
Oman,1996,73.1,22.8,2360
Oman,1997,69.3,23.4,2540
Oman,1998,58.3,23.5,2630
Oman,1999,74.3,24.9,2590
Oman,2000,76.7,25.7,2680
Oman,2001,78,25,2630
Oman,2002,77.7,23.8,2630
Oman,2003,86.4,23.5,2660
Oman,2004,92.9,23.4,2720
Oman,2005,87.5,24,2770
Oman,2006,93.4,24.4,2830
Oman,2007,96.5,25.5,2940
Oman,2008,96.6,25.9,3030
Oman,2009,95.2,24.9,3060
Oman,2010,96.3,23.9,3080
Oman,2011,96.2,24.2,3120
Oman,2012,98.8,23.7,3140
Pakistan,1990,77.8,2.07,2220
Pakistan,1991,74.9,2.59,2330
Pakistan,1992,75.9,2.55,2350
Pakistan,1993,76.9,2.6,2400
Pakistan,1994,82.6,2.91,2390
Pakistan,1995,83.6,3.25,2410
Pakistan,1996,79.4,3.3,2400
Pakistan,1997,71,3.23,2370
Pakistan,1998,70.8,3.29,2420
Pakistan,1999,77.6,3.09,2400
Pakistan,2000,80.1,2.99,2310
Pakistan,2001,74,2.96,2260
Pakistan,2002,71.1,2.97,2310
Pakistan,2003,78.3,3.24,2340
Pakistan,2004,82.3,3.6,2360
Pakistan,2005,82.8,3.61,2380
Pakistan,2006,81.6,3.71,2420
Pakistan,2007,79.7,3.82,2420
Pakistan,2008,75.6,3.84,2430
Pakistan,2009,81.6,3.95,2430
Pakistan,2010,71.6,4.12,2430
Pakistan,2011,76.3,4.32,2430
Pakistan,2012,76,4.32,2440
Panama,1990,95.4,10.3,2200
Panama,1991,84.7,11.8,2300
Panama,1992,92.1,12.9,2340
Panama,1993,97.9,13.2,2340
Panama,1994,77.2,13.1,2230
Panama,1995,79.1,12.9,2250
Panama,1996,82.9,13.6,2180
Panama,1997,87.9,13,2390
Panama,1998,80.1,13.7,2210
Panama,1999,74.6,14.5,2130
Panama,2000,70.7,12.8,2270
Panama,2001,78,14,2350
Panama,2002,77.8,14.2,2370
Panama,2003,78.1,14.5,2250
Panama,2004,78.2,14.3,2330
Panama,2005,79.8,14.5,2350
Panama,2006,83.3,15.1,2470
Panama,2007,81.9,18.2,2520
Panama,2008,81.8,18.3,2520
Panama,2009,84.8,18.7,2580
Panama,2010,87.9,20.7,2650
Panama,2011,91.3,21,2700
Panama,2012,95.3,21.7,2730
Peru,1990,73.7,7.87,2180
Peru,1991,67.7,7.08,2140
Peru,1992,58.1,6.65,2160
Peru,1993,49.6,6.5,2210
Peru,1994,40,6.99,2200
Peru,1995,43.2,8.42,2270
Peru,1996,42.4,8.57,2320
Peru,1997,51,8.99,2260
Peru,1998,49,8.78,2270
Peru,1999,47.3,7.73,2370
Peru,2000,52.1,7.8,2320
Peru,2001,55.8,9.01,2340
Peru,2002,57.2,9.34,2280
Peru,2003,56.6,8.51,2300
Peru,2004,61.9,8.14,2410
Peru,2005,58.6,9.16,2430
Peru,2006,58.5,10.3,2460
Peru,2007,62.5,10.7,2530
Peru,2008,62,11.2,2560
Peru,2009,62,11.7,2620
Peru,2010,63.3,12.1,2630
Peru,2011,64,12.7,2680
Peru,2012,62.9,12.8,2700
Philippines,1990,71.2,4.48,2210
Philippines,1991,73.8,4.5,2250
Philippines,1992,76.4,4.51,2210
Philippines,1993,79,4.54,2310
Philippines,1994,76.6,4.8,2290
Philippines,1995,85.8,5.21,2360
Philippines,1996,77.9,5.7,2340
Philippines,1997,75.2,5.56,2290
Philippines,1998,75.9,5.45,2360
Philippines,1999,78.6,5.4,2390
Philippines,2000,73,5.42,2370
Philippines,2001,74.5,5.45,2390
Philippines,2002,76.3,5.49,2390
Philippines,2003,75.9,5.54,2460
Philippines,2004,70.1,5.56,2470
Philippines,2005,67.5,5.59,2510
Philippines,2006,68.2,5.73,2570
Philippines,2007,70.6,5.83,2580
Philippines,2008,62.7,5.87,2600
Philippines,2009,63.3,5.75,2580
Philippines,2010,65.7,5.74,2570
Philippines,2011,68.1,5.78,2580
Philippines,2012,64.6,5.9,2570
Poland,1990,106,15.6,3290
Poland,1991,109,15.2,3360
Poland,1992,124,8.9,3430
Poland,1993,118,8.07,3300
Poland,1994,113,12.5,3320
Poland,1995,118,6.23,3340
Poland,1996,119,10.6,3320
Poland,1997,120,13.7,3380
Poland,1998,119,13.5,3380
Poland,1999,125,13.5,3420
Poland,2000,126,13.3,3420
Poland,2001,126,13.5,3430
Poland,2002,126,14.9,3420
Poland,2003,123,15.5,3380
Poland,2004,119,13.9,3370
Poland,2005,119,14.8,3350
Poland,2006,119,15.7,3360
Poland,2007,115,16.8,3350
Poland,2008,119,17.1,3420
Poland,2009,119,17.3,3410
Poland,2010,120,17,3440
Poland,2011,122,16.9,3440
Poland,2012,122,17.1,3450
North Korea,1990,12.7,3.92,2370
North Korea,1991,11.4,3.59,2220
North Korea,1992,13.1,3.38,2280
North Korea,1993,9.64,3.26,2250
North Korea,1994,6.42,3.08,2100
North Korea,1995,5.95,2.94,2080
North Korea,1996,5.89,2.72,2130
North Korea,1997,4.71,2.68,2120
North Korea,1998,6.71,2.82,2110
North Korea,1999,7.31,2.81,2150
North Korea,2000,7.93,2.89,2100
North Korea,2001,7.5,2.9,2180
North Korea,2002,8.51,2.93,2190
North Korea,2003,8.33,2.97,2210
North Korea,2004,6.42,3.06,2180
North Korea,2005,7.36,3.01,2140
North Korea,2006,13.4,2.96,2110
North Korea,2007,15.5,3.04,2100
North Korea,2008,13.5,3,2090
North Korea,2009,12.9,2.97,2090
North Korea,2010,11.4,2.98,2100
North Korea,2011,10.8,3,2110
North Korea,2012,10.8,3.02,2090
Portugal,1990,84.1,21.4,3430
Portugal,1991,83,22.5,3410
Portugal,1992,86.1,22.7,3460
Portugal,1993,86.6,22.9,3490
Portugal,1994,79.6,22.9,3460
Portugal,1995,86.7,23.6,3510
Portugal,1996,85.7,24.3,3390
Portugal,1997,86.6,25.4,3510
Portugal,1998,89.5,26.5,3560
Portugal,1999,89.6,27.3,3540
Portugal,2000,89,27.4,3540
Portugal,2001,88.3,27.6,3530
Portugal,2002,89.8,27.4,3520
Portugal,2003,84.4,28.3,3540
Portugal,2004,84.1,28.2,3530
Portugal,2005,81.7,28.7,3520
Portugal,2006,79,28.9,3530
Portugal,2007,82.6,28.7,3540
Portugal,2008,79.5,29.3,3510
Portugal,2009,80.5,28.8,3500
Portugal,2010,77.8,27.6,3480
Portugal,2011,77.6,26,3470
Portugal,2012,78,25.9,3480
Paraguay,1990,60.7,14.2,2390
Paraguay,1991,62.3,14,2380
Paraguay,1992,66.3,13.8,2440
Paraguay,1993,69.1,14,2550
Paraguay,1994,69.6,13.8,2540
Paraguay,1995,68.6,14.1,2550
Paraguay,1996,66.9,14.8,2600
Paraguay,1997,66.8,14.2,2600
Paraguay,1998,73.3,13.4,2640
Paraguay,1999,67.9,13.1,2590
Paraguay,2000,67.5,13.7,2640
Paraguay,2001,68.1,11.1,2680
Paraguay,2002,71.2,12.6,2730
Paraguay,2003,68.6,12.3,2660
Paraguay,2004,69.7,12.9,2600
Paraguay,2005,69.5,12.1,2620
Paraguay,2006,68.6,12.9,2570
Paraguay,2007,70,13.5,2540
Paraguay,2008,70.6,13.1,2530
Paraguay,2009,70.7,14.2,2580
Paraguay,2010,71.5,15.7,2610
Paraguay,2011,70.7,15.6,2590
Paraguay,2012,69.6,17.4,2590
Romania,1990,70.5,12,2920
Romania,1991,73.3,10.5,2840
Romania,1992,71.2,7.47,3000
Romania,1993,73.2,4.48,2930
Romania,1994,70.3,8.6,3030
Romania,1995,73.9,8.75,3060
Romania,1996,58.9,7.88,3050
Romania,1997,61.3,8.09,3070
Romania,1998,62,5.49,3080
Romania,1999,69.4,5.3,3140
Romania,2000,72.5,5.84,3240
Romania,2001,70.9,6.04,3320
Romania,2002,73.8,6.41,3370
Romania,2003,76.8,7.14,3350
Romania,2004,77.5,7.54,3400
Romania,2005,85,7.71,3430
Romania,2006,74.8,8.44,3380
Romania,2007,67,10,3400
Romania,2008,69.5,10.2,3380
Romania,2009,69.2,9.77,3330
Romania,2010,68.2,9.57,3340
Romania,2011,69,9.76,3340
Romania,2012,70.1,9.82,3360
Rwanda,1990,4.68,1.87,1950
Rwanda,1991,4.72,2.1,1890
Rwanda,1992,5.35,2.06,1940
Rwanda,1993,4.89,1.08,1860
Rwanda,1994,4.61,1.49,1810
Rwanda,1995,5.14,1.63,1770
Rwanda,1996,9.94,1.74,1720
Rwanda,1997,9.65,1.74,1740
Rwanda,1998,7.18,1.69,1740
Rwanda,1999,3.97,1.73,1860
Rwanda,2000,7.64,1.8,1910
Rwanda,2001,6.02,1.95,2090
Rwanda,2002,5.48,1.96,2000
Rwanda,2003,3.29,2.06,1970
Rwanda,2004,5.21,2.19,2040
Rwanda,2005,8.2,2.29,2040
Rwanda,2006,10,2.31,2050
Rwanda,2007,8.79,2.35,2100
Rwanda,2008,11.9,2.37,2200
Rwanda,2009,14.9,2.4,2200
Rwanda,2010,14.3,2.43,2210
Rwanda,2011,18.9,2.51,2270
Rwanda,2012,14.1,2.55,2230
Saudi Arabia,1990,75.2,21.2,2870
Saudi Arabia,1991,77.7,22.6,2780
Saudi Arabia,1992,76,22.8,2740
Saudi Arabia,1993,74.5,23.6,2700
Saudi Arabia,1994,77,24.3,2850
Saudi Arabia,1995,78.7,25.6,2910
Saudi Arabia,1996,79.9,26.6,2980
Saudi Arabia,1997,79.4,28.1,3010
Saudi Arabia,1998,81.6,27.8,3070
Saudi Arabia,1999,84,30.2,3110
Saudi Arabia,2000,84.6,30.5,3080
Saudi Arabia,2001,84.2,30.3,3020
Saudi Arabia,2002,85.6,34.5,3000
Saudi Arabia,2003,84.6,38.1,2960
Saudi Arabia,2004,88.6,41.3,2990
Saudi Arabia,2005,89.4,43.5,3050
Saudi Arabia,2006,87.8,45.5,3050
Saudi Arabia,2007,88.8,49.7,3010
Saudi Arabia,2008,92.2,48.7,3010
Saudi Arabia,2009,90.7,48.3,3120
Saudi Arabia,2010,88.8,51.5,3100
Saudi Arabia,2011,88,52.7,3270
Saudi Arabia,2012,86.8,52.5,3260
Sudan,1990,44.4,2.48,2040
Sudan,1991,40.4,2.58,2020
Sudan,1992,39.6,2.63,2100
Sudan,1993,39.1,2.58,2140
Sudan,1994,38.1,2.67,2170
Sudan,1995,37,2.75,2160
Sudan,1996,32,2.96,2150
Sudan,1997,36.6,3.01,2170
Sudan,1998,37.1,3.02,2180
Sudan,1999,43,3.12,2210
Sudan,2000,45.5,3.23,2250
Sudan,2001,52.6,3.34,2280
Sudan,2002,53.7,3.5,2280
Sudan,2003,58.1,3.54,2270
Sudan,2004,65.3,3.7,2300
Sudan,2005,66.4,3.96,2330
Sudan,2006,63.5,4.3,2340
Sudan,2007,63.8,4.51,2340
Sudan,2008,65.8,4.53,2350
Sudan,2009,65.5,4.22,2320
Sudan,2010,67.4,4.58,2350
Sudan,2011,96.4,4.79,2300
Sudan,2012,96.1,4.65,2340
Senegal,1990,42.2,2.14,2240
Senegal,1991,37.1,2.19,2110
Senegal,1992,37.2,2.28,2230
Senegal,1993,47.9,2.33,2150
Senegal,1994,49.3,2.44,2170
Senegal,1995,48.5,2.42,2110
Senegal,1996,52.6,2.44,2110
Senegal,1997,41.9,2.54,2110
Senegal,1998,40,2.66,2150
Senegal,1999,32.2,2.69,2160
Senegal,2000,41,2.75,2170
Senegal,2001,35.8,2.73,2140
Senegal,2002,35.9,2.85,2220
Senegal,2003,31.3,2.99,2250
Senegal,2004,32.8,3.1,2240
Senegal,2005,43.9,3.11,2310
Senegal,2006,42.9,3.15,2340
Senegal,2007,37.8,3.2,2440
Senegal,2008,42,3.16,2450
Senegal,2009,43.6,3.19,2440
Senegal,2010,44,3.15,2430
Senegal,2011,46.1,3.21,2440
Senegal,2012,50,3.21,2460
Solomon Islands,1990,18.9,3.36,2180
Solomon Islands,1991,22.1,3.68,2180
Solomon Islands,1992,24.1,3.72,2160
Solomon Islands,1993,26.4,3.91,2290
Solomon Islands,1994,17.6,4.18,2380
Solomon Islands,1995,23.3,4.13,2310
Solomon Islands,1996,23.3,3.98,2410
Solomon Islands,1997,22.4,3.92,2390
Solomon Islands,1998,23.5,3.8,2310
Solomon Islands,1999,17.9,3.17,2350
Solomon Islands,2000,17.9,2.84,2320
Solomon Islands,2001,19.5,2.69,2390
Solomon Islands,2002,22.6,2.79,2410
Solomon Islands,2003,23.1,2.9,2400
Solomon Islands,2004,28.4,2.99,2430
Solomon Islands,2005,36.9,3.07,2460
Solomon Islands,2006,22.4,3.15,2420
Solomon Islands,2007,36.5,3.27,2480
Solomon Islands,2008,29.2,3.28,2450
Solomon Islands,2009,35.8,3.51,2480
Solomon Islands,2010,24.1,3.69,2490
Solomon Islands,2011,15.5,3.66,2420
Solomon Islands,2012,13.1,3.76,2390
Sierra Leone,1990,14.1,1.61,1990
Sierra Leone,1991,14.3,1.34,2020
Sierra Leone,1992,14.5,1.4,2040
Sierra Leone,1993,14.1,1.42,2120
Sierra Leone,1994,12.2,1.34,2140
Sierra Leone,1995,10.4,1.4,2180
Sierra Leone,1996,9.5,1.34,2200
Sierra Leone,1997,14.7,1.38,2150
Sierra Leone,1998,14.1,1.36,2070
Sierra Leone,1999,14.1,1.44,1990
Sierra Leone,2000,13.5,1.33,2000
Sierra Leone,2001,13.8,1.65,2050
Sierra Leone,2002,15.7,1.75,2030
Sierra Leone,2003,14.9,1.81,2020
Sierra Leone,2004,14.6,1.83,2080
Sierra Leone,2005,18.5,1.85,2160
Sierra Leone,2006,18.4,1.98,2190
Sierra Leone,2007,18.3,2.06,2200
Sierra Leone,2008,18.3,2.09,2250
Sierra Leone,2009,10.4,2.18,2280
Sierra Leone,2010,15.6,2.29,2340
Sierra Leone,2011,14.6,2.77,2370
Sierra Leone,2012,16.5,3.11,2400
El Salvador,1990,103,7.17,2410
El Salvador,1991,100,7.47,2410
El Salvador,1992,102,7.7,2380
El Salvador,1993,92.7,7.97,2380
El Salvador,1994,97.8,8.26,2390
El Salvador,1995,106,8.23,2400
El Salvador,1996,115,8.38,2430
El Salvador,1997,118,8.36,2430
El Salvador,1998,116,8.73,2410
El Salvador,1999,115,9.88,2540
El Salvador,2000,112,9.46,2630
El Salvador,2001,108,9.54,2640
El Salvador,2002,105,8.82,2600
El Salvador,2003,103,9.08,2570
El Salvador,2004,109,9.24,2570
El Salvador,2005,116,9.21,2580
El Salvador,2006,113,9.86,2570
El Salvador,2007,112,9.51,2570
El Salvador,2008,112,9.18,2570
El Salvador,2009,108,9.09,2520
El Salvador,2010,112,8.87,2540
El Salvador,2011,113,9.18,2560
El Salvador,2012,113,10.1,2580
Sao Tome and Principe,1990,42.7,3.15,2230
Sao Tome and Principe,1991,41.5,3.08,2190
Sao Tome and Principe,1992,42,3.08,2190
Sao Tome and Principe,1993,44.4,3.08,2230
Sao Tome and Principe,1994,42.6,3.09,2110
Sao Tome and Principe,1995,45.5,3.08,2170
Sao Tome and Principe,1996,39,3.05,2190
Sao Tome and Principe,1997,36.7,3.07,2220
Sao Tome and Principe,1998,38.9,3.09,2240
Sao Tome and Principe,1999,42.6,3.05,2380
Sao Tome and Principe,2000,48.5,3.02,2400
Sao Tome and Principe,2001,53.2,2.94,2460
Sao Tome and Principe,2002,52.1,2.98,2510
Sao Tome and Principe,2003,56.9,2.92,2510
Sao Tome and Principe,2004,56.9,2.95,2550
Sao Tome and Principe,2005,58.5,3.02,2550
Sao Tome and Principe,2006,59.6,2.92,2510
Sao Tome and Principe,2007,59.2,2.95,2470
Sao Tome and Principe,2008,60.5,2.83,2440
Sao Tome and Principe,2009,62.1,2.82,2370
Sao Tome and Principe,2010,62.5,3.01,2330
Sao Tome and Principe,2011,35.8,3.11,2340
Sao Tome and Principe,2012,50.5,3.39,2400
Suriname,1990,100,9.87,2550
Suriname,1991,101,9.73,2510
Suriname,1992,99.2,8.92,2540
Suriname,1993,104,9.07,2510
Suriname,1994,109,8.93,2550
Suriname,1995,133,8.89,2590
Suriname,1996,131,9.28,2540
Suriname,1997,134,9.37,2560
Suriname,1998,122,9.13,2490
Suriname,1999,125,9.21,2550
Suriname,2000,126,9.49,2510
Suriname,2001,131,9.64,2560
Suriname,2002,133,10.1,2560
Suriname,2003,126,10.9,2560
Suriname,2004,131,11.2,2610
Suriname,2005,129,11.7,2630
Suriname,2006,132,12.2,2670
Suriname,2007,128,12.5,2650
Suriname,2008,128,12.8,2740
Suriname,2009,124,13.3,2800
Suriname,2010,122,13.9,2710
Suriname,2011,121,14.1,2730
Suriname,2012,121,14.4,2750
Sweden,1990,119,37,2940
Sweden,1991,121,37.4,3050
Sweden,1992,126,35.7,3140
Sweden,1993,134,35.6,3090
Sweden,1994,117,35.3,3090
Sweden,1995,123,35.8,3040
Sweden,1996,120,36.7,3090
Sweden,1997,126,37.7,3060
Sweden,1998,128,38.9,3120
Sweden,1999,129,40.6,3100
Sweden,2000,123,40.1,3120
Sweden,2001,115,40.2,3130
Sweden,2002,115,40,3120
Sweden,2003,113,41.1,3150
Sweden,2004,115,41.5,3120
Sweden,2005,113,43.9,3090
Sweden,2006,114,46.6,3090
Sweden,2007,111,48.1,3130
Sweden,2008,111,48.4,3130
Sweden,2009,106,49.2,3150
Sweden,2010,110,49.7,3160
Sweden,2011,110,50.8,3170
Sweden,2012,115,52.2,3180
Eswatini,1990,107,1.47,2290
Eswatini,1991,112,1.48,2320
Eswatini,1992,105,1.49,2280
Eswatini,1993,104,1.5,2300
Eswatini,1994,95,1.67,2210
Eswatini,1995,98.2,2.23,2220
Eswatini,1996,81.5,2.6,2160
Eswatini,1997,96.4,2.88,2180
Eswatini,1998,112,3.36,2270
Eswatini,1999,106,3.57,2350
Eswatini,2000,104,3.64,2310
Eswatini,2001,108,3.66,2390
Eswatini,2002,99.1,3.69,2440
Eswatini,2003,78.2,3.71,2470
Eswatini,2004,73.1,3.76,2370
Eswatini,2005,97.4,3.8,2330
Eswatini,2006,86.3,3.83,2310
Eswatini,2007,86.1,3.83,2260
Eswatini,2008,82.2,3.84,2250
Eswatini,2009,91.6,4.16,2280
Eswatini,2010,89.4,4.38,2280
Eswatini,2011,87.6,5.05,2290
Eswatini,2012,95.3,5.52,2330
Chad,1990,15.5,2.05,1800
Chad,1991,14.8,2.15,1820
Chad,1992,16.9,1.75,1650
Chad,1993,15.7,1.87,1980
Chad,1994,18.5,1.83,1800
Chad,1995,24.1,1.81,1820
Chad,1996,18.2,1.85,1900
Chad,1997,22.2,1.91,2040
Chad,1998,17.2,1.83,1990
Chad,1999,20.2,1.75,1950
Chad,2000,19.5,1.88,2020
Chad,2001,20.6,1.96,1970
Chad,2002,19.6,2.16,2020
Chad,2003,23.1,2.8,2030
Chad,2004,25.1,3.17,2030
Chad,2005,25.2,3.08,2020
Chad,2006,24.9,3.07,2030
Chad,2007,22.4,3.06,2030
Chad,2008,21.3,3.09,2020
Chad,2009,25.3,3.39,2060
Chad,2010,27.9,3.28,2060
Chad,2011,30.5,3.46,2120
Chad,2012,29.1,3.53,2110
Togo,1990,11.6,2.75,1930
Togo,1991,10.2,2.58,1900
Togo,1992,5.47,2.15,1960
Togo,1993,4.42,2.41,2040
Togo,1994,7.57,2.54,2050
Togo,1995,11.8,2.69,2110
Togo,1996,9.01,2.98,2150
Togo,1997,11,2.82,2120
Togo,1998,11.2,2.8,2150
Togo,1999,7.76,2.69,2170
Togo,2000,7.85,2.64,2160
Togo,2001,12.8,2.67,2160
Togo,2002,15,2.78,2200
Togo,2003,16.1,2.68,2250
Togo,2004,15.5,2.49,2240
Togo,2005,18,2.49,2280
Togo,2006,21.6,2.39,2300
Togo,2007,23.8,2.41,2320
Togo,2008,27.9,2.49,2340
Togo,2009,30.5,2.55,2370
Togo,2010,33.1,2.61,2380
Togo,2011,33.7,2.63,2410
Togo,2012,33.3,2.65,2450
Thailand,1990,49.9,6.97,2260
Thailand,1991,59.7,7.84,2270
Thailand,1992,62.4,8.04,2270
Thailand,1993,66.8,8.24,2360
Thailand,1994,74.8,8.69,2420
Thailand,1995,77.2,8.95,2560
Thailand,1996,79.1,8.95,2540
Thailand,1997,83.3,8.95,2600
Thailand,1998,78.7,8.55,2560
Thailand,1999,79.7,8.44,2600
Thailand,2000,82.9,8.95,2580
Thailand,2001,84.8,9.54,2630
Thailand,2002,87.2,10.1,2640
Thailand,2003,91.6,10.8,2650
Thailand,2004,88.2,11.6,2720
Thailand,2005,104,12.1,2800
Thailand,2006,101,12,2770
Thailand,2007,104,12.7,2760
Thailand,2008,105,13.1,2730
Thailand,2009,108,13.6,2760
Thailand,2010,111,13.8,2760
Thailand,2011,108,14.8,2780
Thailand,2012,109,15.1,2780
Timor-Leste,1990,9.36,2.65,1930
Timor-Leste,1991,9.31,2.78,1990
Timor-Leste,1992,8.85,2.91,2030
Timor-Leste,1993,10.4,3.07,2010
Timor-Leste,1994,10.3,3.27,2030
Timor-Leste,1995,10.5,3.57,1890
Timor-Leste,1996,10.7,3.72,1920
Timor-Leste,1997,10.5,3.64,1800
Timor-Leste,1998,10.8,2.33,1830
Timor-Leste,1999,12.6,2.66,1870
Timor-Leste,2000,17.4,2.96,1940
Timor-Leste,2001,15.8,2.9,2060
Timor-Leste,2002,16.2,2.78,2060
Timor-Leste,2003,17.9,2.77,2040
Timor-Leste,2004,13.5,2.72,2030
Timor-Leste,2005,19.8,2.44,2040
Timor-Leste,2006,21.4,2.6,2050
Timor-Leste,2007,25.6,2.44,2060
Timor-Leste,2008,27.3,2.73,2040
Timor-Leste,2009,27.2,2.82,2080
Timor-Leste,2010,30.9,2.79,2110
Timor-Leste,2011,37.9,2.86,2150
Timor-Leste,2012,35,3.01,2130
Trinidad and Tobago,1990,143,10.8,2670
Trinidad and Tobago,1991,132,10.3,2570
Trinidad and Tobago,1992,136,10.2,2550
Trinidad and Tobago,1993,147,10.5,2550
Trinidad and Tobago,1994,161,10.9,2600
Trinidad and Tobago,1995,169,11.6,2640
Trinidad and Tobago,1996,180,12.4,2620
Trinidad and Tobago,1997,167,13.4,2660
Trinidad and Tobago,1998,166,14.5,2670
Trinidad and Tobago,1999,180,15.5,2780
Trinidad and Tobago,2000,182,16,2830
Trinidad and Tobago,2001,162,17.2,2790
Trinidad and Tobago,2002,163,19.6,2750
Trinidad and Tobago,2003,172,21.1,2780
Trinidad and Tobago,2004,170,22.3,2760
Trinidad and Tobago,2005,174,25.1,2800
Trinidad and Tobago,2006,172,26.2,2850
Trinidad and Tobago,2007,171,26.9,2830
Trinidad and Tobago,2008,171,25.6,2840
Trinidad and Tobago,2009,157,26.3,2840
Trinidad and Tobago,2010,157,26.1,2910
Trinidad and Tobago,2011,161,26.3,2990
Trinidad and Tobago,2012,162,26.7,3050
Tunisia,1990,78.3,6.06,3110
Tunisia,1991,85.9,6.24,3140
Tunisia,1992,82.3,6.26,3170
Tunisia,1993,80.5,6.28,3110
Tunisia,1994,79.4,6.3,3130
Tunisia,1995,83.2,6.47,3200
Tunisia,1996,82.5,6.66,3250
Tunisia,1997,82.8,6.91,3300
Tunisia,1998,84.2,7.22,3370
Tunisia,1999,78.9,7.45,3250
Tunisia,2000,78.4,7.61,3260
Tunisia,2001,87.4,7.7,3190
Tunisia,2002,97.8,7.83,3240
Tunisia,2003,96.3,7.99,3250
Tunisia,2004,92.7,8.13,3220
Tunisia,2005,96,8.32,3270
Tunisia,2006,96.2,8.62,3250
Tunisia,2007,95.3,8.87,3300
Tunisia,2008,98.9,9.18,3340
Tunisia,2009,95.3,9.43,3330
Tunisia,2010,98.3,9.56,3360
Tunisia,2011,95.7,9.98,3390
Tunisia,2012,95.5,10.6,3350
Turkey,1990,88.7,9.78,3720
Turkey,1991,88.2,9.79,3710
Turkey,1992,89,10.3,3730
Turkey,1993,84.8,9.44,3730
Turkey,1994,83.7,9.69,3720
Turkey,1995,86.7,10.1,3690
Turkey,1996,92.9,11,3600
Turkey,1997,92.2,10.9,3660
Turkey,1998,81.2,10.7,3620
Turkey,1999,84.2,10.9,3660
Turkey,2000,84.9,10,3620
Turkey,2001,76.2,10.2,3610
Turkey,2002,72.4,9.71,3590
Turkey,2003,77.9,11.9,3610
Turkey,2004,80.3,12.7,3610
Turkey,2005,88,12.7,3650
Turkey,2006,78,13.4,3630
Turkey,2007,84.2,14.9,3600
Turkey,2008,88.4,14.7,3620
Turkey,2009,90.5,15,3650
Turkey,2010,85.4,16.4,3670
Turkey,2011,86.3,17,3690
Turkey,2012,87.3,17.7,3710
Taiwan,1990,85.8,36.1,2990
Taiwan,1991,77.1,37.7,2970
Taiwan,1992,77.2,39.1,3060
Taiwan,1993,75.1,40.7,3060
Taiwan,1994,74.5,42.1,3080
Taiwan,1995,73.5,43.4,3110
Taiwan,1996,71.8,44.6,3110
Taiwan,1997,74.2,45.2,3070
Taiwan,1998,74.5,46.3,3100
Taiwan,1999,71.1,47.3,3120
Taiwan,2000,69.5,44.9,3010
Taiwan,2001,73.7,47.3,3000
Taiwan,2002,72.4,47.3,2990
Taiwan,2003,72.5,47.4,2990
Taiwan,2004,77.6,47.4,2990
Taiwan,2005,76.9,46,2950
Taiwan,2006,81.3,44.8,2960
Taiwan,2007,79,42.9,2930
Taiwan,2008,73.6,39.9,2940
Taiwan,2009,78.8,41.6,2960
Taiwan,2010,78,42,2960
Taiwan,2011,77.1,42.1,2960
Taiwan,2012,81.2,42.3,3000
Tanzania,1990,17,1.73,2230
Tanzania,1991,17.8,1.68,2150
Tanzania,1992,16.8,1.57,2100
Tanzania,1993,15.4,1.48,2080
Tanzania,1994,17.1,1.43,2030
Tanzania,1995,22.3,1.39,2040
Tanzania,1996,20.1,1.34,2000
Tanzania,1997,18.8,1.29,2080
Tanzania,1998,22,1.25,2060
Tanzania,1999,22,1.2,2010
Tanzania,2000,21.8,1.27,2030
Tanzania,2001,21.5,1.42,2110
Tanzania,2002,24.4,1.56,1980
Tanzania,2003,24.1,1.73,2100
Tanzania,2004,26.7,1.91,2130
Tanzania,2005,26.3,2.06,2140
Tanzania,2006,27.2,2.22,2220
Tanzania,2007,26.3,2.3,2130
Tanzania,2008,26.8,2.36,2130
Tanzania,2009,28.6,2.45,2100
Tanzania,2010,29.3,2.57,2200
Tanzania,2011,29.8,2.61,2190
Tanzania,2012,28,2.63,2210
Uganda,1990,9.87,2.2,2270
Uganda,1991,11,2.09,2220
Uganda,1992,10.8,2.09,2240
Uganda,1993,15.4,2.05,2230
Uganda,1994,18.4,2.1,2240
Uganda,1995,17.2,2.1,2130
Uganda,1996,19.6,2.07,2160
Uganda,1997,19.2,2.04,2270
Uganda,1998,19.5,2.07,2250
Uganda,1999,22.7,2.04,2270
Uganda,2000,21.5,2.08,2280
Uganda,2001,22.9,2.21,2330
Uganda,2002,24.1,2.28,2380
Uganda,2003,26.9,2.36,2350
Uganda,2004,25.1,2.43,2330
Uganda,2005,25.9,2.63,2280
Uganda,2006,25.7,2.78,2210
Uganda,2007,26.8,2.95,2180
Uganda,2008,29.4,3.06,2190
Uganda,2009,28.9,3.14,2200
Uganda,2010,25.9,3.35,2180
Uganda,2011,25.3,3.37,2160
Uganda,2012,32.4,3.35,2130
Uruguay,1990,90.4,18.9,2700
Uruguay,1991,97.2,21.5,2760
Uruguay,1992,92.8,21.7,2750
Uruguay,1993,90.5,23.4,2780
Uruguay,1994,90.6,21.9,2680
Uruguay,1995,91.4,21.2,2820
Uruguay,1996,97.3,21.3,2810
Uruguay,1997,105,22.8,2820
Uruguay,1998,96.5,22.6,2830
Uruguay,1999,89.3,21.9,2810
Uruguay,2000,76.3,22.1,2870
Uruguay,2001,99.8,19.7,2840
Uruguay,2002,99.1,16.4,2840
Uruguay,2003,97.3,16.6,2830
Uruguay,2004,97.4,17.1,2810
Uruguay,2005,98,17.7,2820
Uruguay,2006,97.6,19.3,2890
Uruguay,2007,100,21.2,2960
Uruguay,2008,104,22.8,2980
Uruguay,2009,106,22.9,2980
Uruguay,2010,109,24.6,3010
Uruguay,2011,111,24.6,3020
Uruguay,2012,111,25.6,3050
United States,1990,175,54.2,3520
United States,1991,177,54.2,3560
United States,1992,181,55.3,3610
United States,1993,183,56.3,3670
United States,1994,183,57.1,3580
United States,1995,186,58.1,3590
United States,1996,193,59.8,3650
United States,1997,194,61.4,3660
United States,1998,188,62.8,3670
United States,1999,189,63.6,3760
United States,2000,186,63.5,3710
United States,2001,193,63.7,3780
United States,2002,192,64.7,3780
United States,2003,194,64.4,3810
United States,2004,193,65.7,3830
United States,2005,187,66.8,3780
United States,2006,175,66.4,3760
United States,2007,170,64.6,3700
United States,2008,165,65.4,3650
United States,2009,167,63.8,3650
United States,2010,172,64.6,3650
United States,2011,174,64.8,3690
United States,2012,175,64.4,3680
St. Vincent and the Grenadines,1990,119,7.4,2370
St. Vincent and the Grenadines,1991,123,7.85,2350
St. Vincent and the Grenadines,1992,122,8.18,2460
St. Vincent and the Grenadines,1993,119,8.08,2330
St. Vincent and the Grenadines,1994,115,8.71,2330
St. Vincent and the Grenadines,1995,113,8.82,2330
St. Vincent and the Grenadines,1996,119,9.14,2310
St. Vincent and the Grenadines,1997,119,9.52,2380
St. Vincent and the Grenadines,1998,121,9.78,2470
St. Vincent and the Grenadines,1999,128,9.94,2500
St. Vincent and the Grenadines,2000,128,10.1,2470
St. Vincent and the Grenadines,2001,124,10.7,2660
St. Vincent and the Grenadines,2002,122,11.5,2690
St. Vincent and the Grenadines,2003,122,12,2710
St. Vincent and the Grenadines,2004,122,12.3,2780
St. Vincent and the Grenadines,2005,125,13.2,2800
St. Vincent and the Grenadines,2006,123,13.7,2830
St. Vincent and the Grenadines,2007,124,13.9,2870
St. Vincent and the Grenadines,2008,123,13.6,2870
St. Vincent and the Grenadines,2009,118,13.2,2910
St. Vincent and the Grenadines,2010,122,13.1,2940
St. Vincent and the Grenadines,2011,120,13.3,2930
St. Vincent and the Grenadines,2012,121,13.5,2970
Venezuela,1990,95.8,11.5,2420
Venezuela,1991,107,11.4,2520
Venezuela,1992,105,10.9,2400
Venezuela,1993,108,9.36,2370
Venezuela,1994,109,9.1,2430
Venezuela,1995,110,8.87,2380
Venezuela,1996,105,9.28,2280
Venezuela,1997,103,9.61,2350
Venezuela,1998,101,8.67,2340
Venezuela,1999,104,8.86,2450
Venezuela,2000,102,9.14,2510
Venezuela,2001,91.8,7.52,2220
Venezuela,2002,94.4,6.37,2420
Venezuela,2003,105,7.14,2490
Venezuela,2004,105,8.94,2490
Venezuela,2005,108,11,2510
Venezuela,2006,107,12.6,2610
Venezuela,2007,104,13.2,2810
Venezuela,2008,106,12.7,2860
Venezuela,2009,107,12.2,2810
Venezuela,2010,108,12.5,2800
Venezuela,2011,106,13.2,2690
Venezuela,2012,106,13.6,2630
Vietnam,1990,15.8,2.21,1860
Vietnam,1991,15.1,2.35,1920
Vietnam,1992,16.6,2.49,2030
Vietnam,1993,21.4,2.62,2060
Vietnam,1994,23.7,2.78,2030
Vietnam,1995,23.4,2.95,2020
Vietnam,1996,25,3.12,1990
Vietnam,1997,25.3,3.22,2110
Vietnam,1998,30.3,3.14,2200
Vietnam,1999,35.7,3.08,2240
Vietnam,2000,34.4,3.05,2300
Vietnam,2001,33.4,3.12,2360
Vietnam,2002,34.9,3.41,2420
Vietnam,2003,37.9,3.68,2480
Vietnam,2004,32,3.88,2470
Vietnam,2005,35.9,4.11,2480
Vietnam,2006,31.7,4.29,2550
Vietnam,2007,31.5,4.43,2620
Vietnam,2008,26.8,4.94,2640
Vietnam,2009,28.7,7.82,2680
Vietnam,2010,27.2,7.91,2720
Vietnam,2011,29.2,8.04,2710
Vietnam,2012,27.4,8.25,2750
Vanuatu,1990,27.6,4.43,2560
Vanuatu,1991,31.8,4.41,2550
Vanuatu,1992,25.3,4.32,2520
Vanuatu,1993,30.5,4.58,2530
Vanuatu,1994,34.3,4.52,2540
Vanuatu,1995,43,4.53,2630
Vanuatu,1996,41.9,4.66,2680
Vanuatu,1997,41.1,4.63,2720
Vanuatu,1998,41.2,4.57,2720
Vanuatu,1999,41.7,4.74,2700
Vanuatu,2000,40.9,4.48,2670
Vanuatu,2001,42.7,4.14,2700
Vanuatu,2002,42.5,4.21,2750
Vanuatu,2003,43.5,5.02,2750
Vanuatu,2004,42.6,5.02,2780
Vanuatu,2005,39.1,5.05,2800
Vanuatu,2006,51,4.92,2860
Vanuatu,2007,52.8,4.94,2860
Vanuatu,2008,54.3,4.95,2860
Vanuatu,2009,54.7,4.95,2860
Vanuatu,2010,55.5,4.96,2840
Vanuatu,2011,49.8,4.97,2820
Vanuatu,2012,51.4,5,2840
Samoa,1990,75.5,6.98,2570
Samoa,1991,61.7,6.91,2440
Samoa,1992,68,7.12,2340
Samoa,1993,64.8,6.88,2400
Samoa,1994,61.3,7.28,2470
Samoa,1995,65.7,7.75,2500
Samoa,1996,60,7.76,2550
Samoa,1997,65.3,7.89,2610
Samoa,1998,71,8.03,2710
Samoa,1999,71.1,8.54,2770
Samoa,2000,69.7,9.09,2820
Samoa,2001,68.7,9.43,2820
Samoa,2002,71.4,9.54,2830
Samoa,2003,80.3,9.67,2880
Samoa,2004,84.7,9.78,2890
Samoa,2005,85.2,9.82,2860
Samoa,2006,85.2,10,2850
Samoa,2007,102,10,2910
Samoa,2008,77.6,9.69,2880
Samoa,2009,79.2,9.68,2910
Samoa,2010,82.9,9.87,2880
Samoa,2011,81,9.58,2960
Samoa,2012,89.5,9.5,2960
Yemen,1990,56.5,5.26,2030
Yemen,1991,57.2,5.41,2110
Yemen,1992,56.4,5.34,2090
Yemen,1993,56.2,5.44,2050
Yemen,1994,55.1,5.51,2040
Yemen,1995,63.2,5.56,2030
Yemen,1996,65.7,5.66,2050
Yemen,1997,65.5,5.83,2070
Yemen,1998,63.4,5.68,2080
Yemen,1999,64.8,5.65,2090
Yemen,2000,65.9,5.49,2070
Yemen,2001,66.8,5.33,2080
Yemen,2002,70.3,5.15,2070
Yemen,2003,69.5,4.99,2070
Yemen,2004,70,4.9,2090
Yemen,2005,73.1,4.84,2120
Yemen,2006,74.3,4.83,2160
Yemen,2007,73.6,4.85,2130
Yemen,2008,74.7,4.87,2160
Yemen,2009,78.6,5.08,2200
Yemen,2010,81.4,4.25,2210
Yemen,2011,79.8,4.23,2230
Yemen,2012,77.9,4.35,2220
South Africa,1990,97.9,7.56,2820
South Africa,1991,95.4,7.22,2800
South Africa,1992,93.5,7.13,2840
South Africa,1993,93,6.86,2830
South Africa,1994,90.9,6.58,2810
South Africa,1995,90.2,6.39,2800
South Africa,1996,90.2,6.33,2820
South Africa,1997,90.4,6.14,2850
South Africa,1998,89.3,6.08,2840
South Africa,1999,88,6.12,2890
South Africa,2000,86,6.17,2910
South Africa,2001,84.5,6.75,2910
South Africa,2002,87.3,7.18,2930
South Africa,2003,84.3,8.01,2940
South Africa,2004,84.2,9.05,2950
South Africa,2005,85.8,10.3,2930
South Africa,2006,84,10.7,2920
South Africa,2007,82.3,11.3,2920
South Africa,2008,83.2,11.4,2940
South Africa,2009,96.5,12,2990
South Africa,2010,95.8,12,3000
South Africa,2011,98.7,11.9,3010
South Africa,2012,101,11.8,3020
Zambia,1990,45.7,2.99,2010
Zambia,1991,45.1,2.73,1980
Zambia,1992,44.5,2.7,1980
Zambia,1993,40.6,2.73,2020
Zambia,1994,41,3.05,2050
Zambia,1995,35.1,3.49,2030
Zambia,1996,40.4,3.55,1970
Zambia,1997,31.4,3.46,1930
Zambia,1998,31,3.29,1960
Zambia,1999,44.2,3.09,1870
Zambia,2000,31.2,2.94,1850
Zambia,2001,34.8,2.75,1850
Zambia,2002,32.8,2.65,1900
Zambia,2003,31.9,2.74,1870
Zambia,2004,30,2.77,1870
Zambia,2005,31.2,2.65,1840
Zambia,2006,27,2.58,1780
Zambia,2007,26.4,2.54,1800
Zambia,2008,28.5,2.52,1880
Zambia,2009,28,2.51,1900
Zambia,2010,28.4,2.61,1910
Zambia,2011,30.1,2.78,1920
Zambia,2012,28.1,2.85,1930
Zimbabwe,1990,55.9,6.59,1960
Zimbabwe,1991,57,5.88,1960
Zimbabwe,1992,56.4,5.84,1940
Zimbabwe,1993,56.6,6.28,1930
Zimbabwe,1994,61.6,6.21,1940
Zimbabwe,1995,64.7,6.77,1980
Zimbabwe,1996,73.5,6.89,2010
Zimbabwe,1997,73.6,7.03,2010
Zimbabwe,1998,74.6,6.93,2000
Zimbabwe,1999,76.5,6.68,1980
Zimbabwe,2000,81.5,6.75,2030
Zimbabwe,2001,83.4,6.14,2020
Zimbabwe,2002,75,5.08,2010
Zimbabwe,2003,72.4,4.77,2040
Zimbabwe,2004,67.5,4.48,2030
Zimbabwe,2005,73.1,4.3,2120
Zimbabwe,2006,64.9,4.1,2110
Zimbabwe,2007,61.1,3.35,2090
Zimbabwe,2008,61.1,3.7,2150
Zimbabwe,2009,65.8,4.37,2170
Zimbabwe,2010,68.9,4.92,2200
Zimbabwe,2011,79,5.34,2200
Zimbabwe,2012,80.6,5.05,2110
