country,Year,particulateMatterDataset
Africa Eastern and Southern,2010,33.73751384
Africa Eastern and Southern,2011,34.31820821
Africa Eastern and Southern,2012,34.81603805
Africa Eastern and Southern,2013,34.67049231
Africa Eastern and Southern,2014,34.04127093
Africa Eastern and Southern,2015,35.74922461
Africa Eastern and Southern,2016,35.51494314
Africa Eastern and Southern,2017,35.51298818
Afghanistan,2010,65.24559168
Afghanistan,2011,66.83572711
Afghanistan,2012,66.02317421
Afghanistan,2013,61.36674452
Afghanistan,2014,59.01033025
Afghanistan,2015,61.2526558
Afghanistan,2016,56.28704672
Afghanistan,2017,56.91080835
Africa Western and Central,2010,44.83127013
Africa Western and Central,2011,44.33968282
Africa Western and Central,2012,47.24374209
Africa Western and Central,2013,42.71854292
Africa Western and Central,2014,41.95220544
Africa Western and Central,2015,60.34263676
Africa Western and Central,2016,57.45888916
Africa Western and Central,2017,58.06448224
Angola,2010,33.78724719
Angola,2011,33.10419463
Angola,2012,33.41549506
Angola,2013,34.66392257
Angola,2014,32.97402504
Angola,2015,32.72987314
Angola,2016,31.78538881
Angola,2017,32.38850491
Albania,2010,21.27782812
Albania,2011,22.77253665
Albania,2012,20.57825918
Albania,2013,19.93851711
Albania,2014,18.88395497
Albania,2015,19.51253962
Albania,2016,18.18993375
Albania,2017,18.20060252
Andorra,2010,12.807197500000001
Andorra,2011,13.27350555
Andorra,2012,12.40705303
Andorra,2013,11.81367331
Andorra,2014,10.83041825
Andorra,2015,11.46217847
Andorra,2016,10.25583443
Andorra,2017,10.30762139
Arab World,2010,53.7870016
Arab World,2011,52.65234123
Arab World,2012,53.29748197
Arab World,2013,54.05414827
Arab World,2014,52.58386059
Arab World,2015,60.40681308
Arab World,2016,58.76412484
Arab World,2017,58.68747494
United Arab Emirates,2010,38.98006849
United Arab Emirates,2011,39.1934301
United Arab Emirates,2012,39.27712811
United Arab Emirates,2013,39.608155100000005
United Arab Emirates,2014,37.98342106
United Arab Emirates,2015,42.334990000000005
United Arab Emirates,2016,40.52210348
United Arab Emirates,2017,40.91750982
Argentina,2010,16.85910062
Argentina,2011,17.38298213
Argentina,2012,16.13507182
Argentina,2013,15.59737515
Argentina,2014,14.46698041
Argentina,2015,14.6316259
Argentina,2016,13.75144403
Argentina,2017,13.31183395
Armenia,2010,37.53004093
Armenia,2011,38.61227522
Armenia,2012,37.18448464
Armenia,2013,34.9372126
Armenia,2014,33.08594982
Armenia,2015,34.88143264
Armenia,2016,32.22716773
Armenia,2017,32.52811834
American Samoa,2010,15.07272173
American Samoa,2011,15.39064186
American Samoa,2012,14.34415015
American Samoa,2013,14.12722552
American Samoa,2014,13.31699203
American Samoa,2015,13.019390099999999
American Samoa,2016,12.38272987
American Samoa,2017,12.47382024
Antigua and Barbuda,2010,22.52887611
Antigua and Barbuda,2011,23.1478617
Antigua and Barbuda,2012,21.47105044
Antigua and Barbuda,2013,20.73538507
Antigua and Barbuda,2014,19.72558362
Antigua and Barbuda,2015,19.69638779
Antigua and Barbuda,2016,18.46093032
Antigua and Barbuda,2017,18.62234285
Australia,2010,10.6188794
Australia,2011,11.04726492
Australia,2012,10.53708999
Australia,2013,9.98768389
Australia,2014,9.492978752
Australia,2015,9.320015289
Australia,2016,8.614508923999999
Australia,2017,8.550324401000001
Austria,2010,15.14913995
Austria,2011,15.57337093
Austria,2012,14.28233205
Austria,2013,14.08161348
Austria,2014,13.37922794
Austria,2015,13.54109517
Austria,2016,12.59681605
Austria,2017,12.47796673
Azerbaijan,2010,23.0476012
Azerbaijan,2011,23.6298688
Azerbaijan,2012,22.18081034
Azerbaijan,2013,22.27878046
Azerbaijan,2014,20.71006751
Azerbaijan,2015,21.41412281
Azerbaijan,2016,20.20815664
Azerbaijan,2017,19.92866362
Burundi,2010,38.38116825
Burundi,2011,38.23619121
Burundi,2012,41.01132776
Burundi,2013,39.97107204
Burundi,2014,39.38755864
Burundi,2015,38.43088048
Burundi,2016,38.65322349
Burundi,2017,38.89626795
Belgium,2010,16.00931923
Belgium,2011,15.69844257
Belgium,2012,14.74189365
Belgium,2013,14.02266986
Belgium,2014,13.233621300000001
Belgium,2015,13.56652303
Belgium,2016,12.83308751
Belgium,2017,12.88651847
Benin,2010,32.39296916
Benin,2011,32.58084623
Benin,2012,31.99200044
Benin,2013,31.44329865
Benin,2014,29.66045567
Benin,2015,40.47068263
Benin,2016,38.44770366
Benin,2017,38.99995876
Burkina Faso,2010,37.49132872
Burkina Faso,2011,37.28137549
Burkina Faso,2012,38.78415146
Burkina Faso,2013,33.28720021
Burkina Faso,2014,33.96909317
Burkina Faso,2015,46.56216758
Burkina Faso,2016,41.53724291
Burkina Faso,2017,42.93559251
Bangladesh,2010,70.76499566
Bangladesh,2011,70.2105489
Bangladesh,2012,70.79390882
Bangladesh,2013,65.64508289
Bangladesh,2014,68.39537740000002
Bangladesh,2015,66.96574924
Bangladesh,2016,60.12627467
Bangladesh,2017,60.84578458
Bulgaria,2010,22.75619549
Bulgaria,2011,24.30032702
Bulgaria,2012,22.64465578
Bulgaria,2013,20.99963709
Bulgaria,2014,20.74356996
Bulgaria,2015,20.77642742
Bulgaria,2016,19.28301303
Bulgaria,2017,19.14913234
Bahrain,2010,65.63088097
Bahrain,2011,63.73249929
Bahrain,2012,70.28748254
Bahrain,2013,67.79467818
Bahrain,2014,62.75854371
Bahrain,2015,72.60467743
Bahrain,2016,69.86418236
Bahrain,2017,70.81620768
"Bahamas, The",2010,21.1105137
"Bahamas, The",2011,21.77442494
"Bahamas, The",2012,20.31707569
"Bahamas, The",2013,19.90940079
"Bahamas, The",2014,18.49533328
"Bahamas, The",2015,18.88630621
"Bahamas, The",2016,17.65132069
"Bahamas, The",2017,17.36772049
Bosnia and Herzegovina,2010,32.30015609
Bosnia and Herzegovina,2011,34.19186648
Bosnia and Herzegovina,2012,31.77325971
Bosnia and Herzegovina,2013,30.44623075
Bosnia and Herzegovina,2014,28.77732513
Bosnia and Herzegovina,2015,29.62283839
Bosnia and Herzegovina,2016,27.59446709
Bosnia and Herzegovina,2017,27.74766896
Belarus,2010,23.31940958
Belarus,2011,22.91114578
Belarus,2012,21.64637226
Belarus,2013,20.59045954
Belarus,2014,19.76605366
Belarus,2015,20.07627636
Belarus,2016,18.87823952
Belarus,2017,18.76557991
Belize,2010,28.2730542
Belize,2011,28.80044628
Belize,2012,27.40912213
Belize,2013,27.28443966
Belize,2014,24.42114809
Belize,2015,25.21682566
Belize,2016,23.06568424
Belize,2017,23.01189211
Bermuda,2010,14.64738151
Bermuda,2011,14.84311292
Bermuda,2012,13.97908263
Bermuda,2013,13.47885095
Bermuda,2014,12.80641477
Bermuda,2015,12.41796108
Bermuda,2016,11.65994362
Bermuda,2017,11.64635919
Bolivia,2010,29.5728099
Bolivia,2011,27.90420439
Bolivia,2012,26.39024388
Bolivia,2013,26.09046897
Bolivia,2014,24.81882932
Bolivia,2015,22.47639992
Bolivia,2016,21.386604100000003
Bolivia,2017,21.568986600000002
Brazil,2010,15.95528506
Brazil,2011,15.91279799
Brazil,2012,15.28545576
Brazil,2013,14.60990092
Brazil,2014,13.98993477
Brazil,2015,13.59465562
Brazil,2016,12.65867601
Brazil,2017,12.70662947
Barbados,2010,28.21681441
Barbados,2011,29.30348967
Barbados,2012,27.03352956
Barbados,2013,26.23023054
Barbados,2014,25.18301447
Barbados,2015,24.68624082
Barbados,2016,23.45919984
Barbados,2017,23.0801758
Brunei Darussalam,2010,7.417004402999999
Brunei Darussalam,2011,7.366187122
Brunei Darussalam,2012,7.570822949
Brunei Darussalam,2013,6.709489682999999
Brunei Darussalam,2014,6.180830115
Brunei Darussalam,2015,6.484179773999999
Brunei Darussalam,2016,5.927600072000001
Brunei Darussalam,2017,5.903065467999999
Bhutan,2010,43.96188317
Bhutan,2011,43.07170329
Bhutan,2012,42.93227289
Bhutan,2013,41.88190701
Bhutan,2014,40.83967373
Bhutan,2015,39.81863873
Bhutan,2016,37.22436394
Bhutan,2017,37.9265032
Botswana,2010,25.72472072
Botswana,2011,24.59211459
Botswana,2012,24.85403894
Botswana,2013,24.87425931
Botswana,2014,24.15127779
Botswana,2015,24.33025796
Botswana,2016,23.63126742
Botswana,2017,23.09438618
Central African Republic,2010,51.53331961
Central African Republic,2011,51.22953137
Central African Republic,2012,53.35883384
Central African Republic,2013,50.87491368
Central African Republic,2014,49.35636376
Central African Republic,2015,58.32609851
Central African Republic,2016,56.98542248
Central African Republic,2017,56.82849738
Canada,2010,8.384457262
Canada,2011,8.62446106
Canada,2012,8.107410495
Canada,2013,7.791636125
Canada,2014,7.428419863999999
Canada,2015,7.151582145
Canada,2016,6.549074761
Canada,2017,6.428383133
Central Europe and the Baltics,2010,21.98802866
Central Europe and the Baltics,2011,21.90983004
Central Europe and the Baltics,2012,20.20362489
Central Europe and the Baltics,2013,19.22537578
Central Europe and the Baltics,2014,18.60919623
Central Europe and the Baltics,2015,18.9941038
Central Europe and the Baltics,2016,17.64108764
Central Europe and the Baltics,2017,17.63329211
Switzerland,2010,12.92221973
Switzerland,2011,13.04922122
Switzerland,2012,12.26138801
Switzerland,2013,11.82005499
Switzerland,2014,11.38910719
Switzerland,2015,11.16525468
Switzerland,2016,10.34263047
Switzerland,2017,10.303100099999998
Chile,2010,25.89229169
Chile,2011,27.24586707
Chile,2012,25.0471553
Chile,2013,23.9366936
Chile,2014,22.86825181
Chile,2015,22.56979255
Chile,2016,20.87687041
Chile,2017,21.03629906
China,2010,69.47957041
China,2011,70.54202883
China,2012,63.82701684
China,2013,65.51455022
China,2014,59.76736751
China,2015,59.06342246
China,2016,52.21132204
China,2017,52.66459583
Cote d'Ivoire,2010,21.617704999999997
Cote d'Ivoire,2011,22.59307255
Cote d'Ivoire,2012,22.49440447
Cote d'Ivoire,2013,21.30554316
Cote d'Ivoire,2014,20.90017764
Cote d'Ivoire,2015,27.68749396
Cote d'Ivoire,2016,26.67470411
Cote d'Ivoire,2017,25.88626634
Cameroon,2010,59.29340315
Cameroon,2011,58.07690148
Cameroon,2012,62.776697
Cameroon,2013,58.18633815
Cameroon,2014,56.71530558
Cameroon,2015,77.05174298
Cameroon,2016,73.20529127
Cameroon,2017,72.79309622
"Congo, Dem. Rep.",2010,41.39803933
"Congo, Dem. Rep.",2011,41.49328795
"Congo, Dem. Rep.",2012,43.03677157
"Congo, Dem. Rep.",2013,44.49576095
"Congo, Dem. Rep.",2014,42.5494471
"Congo, Dem. Rep.",2015,44.93118592
"Congo, Dem. Rep.",2016,45.49950018
"Congo, Dem. Rep.",2017,44.9092636
"Congo, Rep.",2010,42.00909211
"Congo, Rep.",2011,44.15559345
"Congo, Rep.",2012,43.48998719
"Congo, Rep.",2013,46.12663732
"Congo, Rep.",2014,45.85281627
"Congo, Rep.",2015,44.14769514
"Congo, Rep.",2016,45.7110424
"Congo, Rep.",2017,46.63822028
Colombia,2010,21.49784542
Colombia,2011,21.36777875
Colombia,2012,20.53663622
Colombia,2013,19.22334802
Colombia,2014,18.34420526
Colombia,2015,17.30028428
Colombia,2016,16.58060037
Colombia,2017,16.52721022
Comoros,2010,20.66635788
Comoros,2011,21.02016044
Comoros,2012,21.252629199999998
Comoros,2013,21.04796184
Comoros,2014,21.50207199
Comoros,2015,20.71555746
Comoros,2016,20.48272773
Comoros,2017,20.5468246
Cabo Verde,2010,27.59644067
Cabo Verde,2011,31.64177817
Cabo Verde,2012,32.94099303
Cabo Verde,2013,32.08584342
Cabo Verde,2014,31.62108111
Cabo Verde,2015,38.63361366
Cabo Verde,2016,33.39233075
Cabo Verde,2017,34.7787001
Costa Rica,2010,19.27295272
Costa Rica,2011,19.70213293
Costa Rica,2012,19.33512768
Costa Rica,2013,18.34151711
Costa Rica,2014,17.54363411
Costa Rica,2015,16.87928994
Costa Rica,2016,15.65581227
Costa Rica,2017,15.7259203
Caribbean small states,2010,22.88004351
Caribbean small states,2011,23.60444962
Caribbean small states,2012,22.17649999
Caribbean small states,2013,21.45641444
Caribbean small states,2014,19.96654049
Caribbean small states,2015,20.08737563
Caribbean small states,2016,19.10237732
Caribbean small states,2017,19.00983168
Cuba,2010,23.93329773
Cuba,2011,24.78731963
Cuba,2012,23.23978714
Cuba,2013,22.85074328
Cuba,2014,21.29623433
Cuba,2015,20.86409957
Cuba,2016,19.73784135
Cuba,2017,19.7060474
Cyprus,2010,20.08186599
Cyprus,2011,20.09096399
Cyprus,2012,19.22484321
Cyprus,2013,18.68454574
Cyprus,2014,18.29352737
Cyprus,2015,19.10134763
Cyprus,2016,16.958021600000002
Cyprus,2017,17.2944062
Czech Republic,2010,20.67687047
Czech Republic,2011,20.08124665
Czech Republic,2012,18.74317608
Czech Republic,2013,17.996287
Czech Republic,2014,17.39121549
Czech Republic,2015,17.41645169
Czech Republic,2016,16.1005837
Czech Republic,2017,16.07124535
Germany,2010,15.18949496
Germany,2011,14.66422844
Germany,2012,13.57764226
Germany,2013,13.19191946
Germany,2014,12.75122057
Germany,2015,12.82609758
Germany,2016,11.93781112
Germany,2017,12.02876736
Djibouti,2010,38.24086927
Djibouti,2011,40.44183546
Djibouti,2012,39.94282079
Djibouti,2013,40.10377303
Djibouti,2014,41.25972754
Djibouti,2015,45.95080851
Djibouti,2016,45.86887513
Djibouti,2017,45.549617600000005
Dominica,2010,23.74074619
Dominica,2011,24.27612298
Dominica,2012,22.21579925
Dominica,2013,22.15106827
Dominica,2014,21.01030747
Dominica,2015,20.68878863
Dominica,2016,19.98814835
Dominica,2017,19.49315376
Denmark,2010,11.92914817
Denmark,2011,12.66233138
Denmark,2012,11.11552501
Denmark,2013,10.82027884
Denmark,2014,11.06670453
Denmark,2015,10.65728566
Denmark,2016,10.09597196
Denmark,2017,10.02965344
Dominican Republic,2010,16.87446546
Dominican Republic,2011,17.29977986
Dominican Republic,2012,16.15283991
Dominican Republic,2013,15.39695063
Dominican Republic,2014,14.188073699999999
Dominican Republic,2015,14.85822076
Dominican Republic,2016,13.69022772
Dominican Republic,2017,13.72632115
Algeria,2010,33.63582026
Algeria,2011,33.83404774
Algeria,2012,33.3668262
Algeria,2013,34.24532791
Algeria,2014,35.56391718
Algeria,2015,36.08916357
Algeria,2016,39.85327385
Algeria,2017,38.884010700000005
East Asia & Pacific (excluding high income),2010,55.84497587
East Asia & Pacific (excluding high income),2011,56.38466768
East Asia & Pacific (excluding high income),2012,51.64050162
East Asia & Pacific (excluding high income),2013,52.44077224
East Asia & Pacific (excluding high income),2014,48.12066005
East Asia & Pacific (excluding high income),2015,47.37309729
East Asia & Pacific (excluding high income),2016,42.29947298
East Asia & Pacific (excluding high income),2017,42.53938939
Early-demographic dividend,2010,64.28868595
Early-demographic dividend,2011,64.85590519
Early-demographic dividend,2012,60.37999075
Early-demographic dividend,2013,61.40095108
Early-demographic dividend,2014,60.00273524
Early-demographic dividend,2015,60.62223957
Early-demographic dividend,2016,59.87864306
Early-demographic dividend,2017,60.36830737
East Asia & Pacific,2010,51.91201129
East Asia & Pacific,2011,52.41693724
East Asia & Pacific,2012,48.05673993
East Asia & Pacific,2013,48.82718984
East Asia & Pacific,2014,44.84942533
East Asia & Pacific,2015,44.21870367
East Asia & Pacific,2016,39.52038615
East Asia & Pacific,2017,39.75027353
Europe & Central Asia (excluding high income),2010,26.61461828
Europe & Central Asia (excluding high income),2011,26.38813316
Europe & Central Asia (excluding high income),2012,25.5335381
Europe & Central Asia (excluding high income),2013,25.11278986
Europe & Central Asia (excluding high income),2014,24.28846372
Europe & Central Asia (excluding high income),2015,25.4214818
Europe & Central Asia (excluding high income),2016,24.33344427
Europe & Central Asia (excluding high income),2017,24.45033917
Europe & Central Asia,2010,20.58375736
Europe & Central Asia,2011,20.57560308
Europe & Central Asia,2012,19.500926999999997
Europe & Central Asia,2013,19.08036676
Europe & Central Asia,2014,18.39183244
Europe & Central Asia,2015,19.00086331
Europe & Central Asia,2016,18.0100953
Europe & Central Asia,2017,18.08359987
Ecuador,2010,19.97918812
Ecuador,2011,19.321995
Ecuador,2012,19.55771048
Ecuador,2013,18.1186093
Ecuador,2014,16.23418751
Ecuador,2015,15.69970761
Ecuador,2016,14.98157801
Ecuador,2017,14.88610066
"Egypt, Arab Rep.",2010,77.44661885
"Egypt, Arab Rep.",2011,70.78635638
"Egypt, Arab Rep.",2012,72.79056861
"Egypt, Arab Rep.",2013,76.21365354
"Egypt, Arab Rep.",2014,76.55960126
"Egypt, Arab Rep.",2015,88.21338765
"Egypt, Arab Rep.",2016,88.1485004
"Egypt, Arab Rep.",2017,86.99945205
Euro area,2010,15.18741758
Euro area,2011,15.36638623
Euro area,2012,14.15750083
Euro area,2013,13.78814167
Euro area,2014,13.22455703
Euro area,2015,13.43064457
Euro area,2016,12.46631262
Euro area,2017,12.52500117
Eritrea,2010,45.227138599999996
Eritrea,2011,45.25744675
Eritrea,2012,46.13384645
Eritrea,2013,47.62781596
Eritrea,2014,44.37494629
Eritrea,2015,49.82891214
Eritrea,2016,48.67093668
Eritrea,2017,48.03019868
Spain,2010,11.3493291
Spain,2011,12.03799789
Spain,2012,11.14962332
Spain,2013,10.74258206
Spain,2014,10.07458883
Spain,2015,10.44910241
Spain,2016,9.704138553
Spain,2017,9.697927863
Estonia,2010,8.519848762999999
Estonia,2011,8.442558919
Estonia,2012,7.810698651
Estonia,2013,7.482813577999999
Estonia,2014,7.705552572
Estonia,2015,7.003727672999999
Estonia,2016,6.821448031
Estonia,2017,6.732124015
Ethiopia,2010,35.63414541
Ethiopia,2011,36.31794195
Ethiopia,2012,35.97384213
Ethiopia,2013,35.88420536
Ethiopia,2014,35.04359745
Ethiopia,2015,38.85860469
Ethiopia,2016,39.24503758
Ethiopia,2017,38.97873776
European Union,2010,16.5022138
European Union,2011,16.63120853
European Union,2012,15.31009149
European Union,2013,14.79927953
European Union,2014,14.2500361
European Union,2015,14.47106656
European Union,2016,13.43167628
European Union,2017,13.46590686
Fragile and conflict affected situations,2010,44.25184147
Fragile and conflict affected situations,2011,44.28511147
Fragile and conflict affected situations,2012,45.5739195
Fragile and conflict affected situations,2013,43.36791302
Fragile and conflict affected situations,2014,41.94905298
Fragile and conflict affected situations,2015,51.77303835
Fragile and conflict affected situations,2016,49.7392825
Fragile and conflict affected situations,2017,50.05308053
Finland,2010,7.190331396
Finland,2011,7.283699707999999
Finland,2012,6.601133581
Finland,2013,6.2786891979999995
Finland,2014,6.4686398679999995
Finland,2015,6.063834353
Finland,2016,5.893757483
Finland,2017,5.861331001
Fiji,2010,13.53381346
Fiji,2011,13.83646142
Fiji,2012,12.85205328
Fiji,2013,12.14461761
Fiji,2014,11.92289283
Fiji,2015,11.64194513
Fiji,2016,11.05934316
Fiji,2017,10.8401599
France,2010,14.84562127
France,2011,14.87801926
France,2012,13.83475371
France,2013,13.5943087
France,2014,12.28970307
France,2015,12.74570798
France,2016,11.85518422
France,2017,11.81496362
"Micronesia, Fed. Sts.",2010,13.749245199999999
"Micronesia, Fed. Sts.",2011,13.731652100000002
"Micronesia, Fed. Sts.",2012,12.97443872
"Micronesia, Fed. Sts.",2013,12.74251533
"Micronesia, Fed. Sts.",2014,11.86686885
"Micronesia, Fed. Sts.",2015,11.72598465
"Micronesia, Fed. Sts.",2016,11.13451107
"Micronesia, Fed. Sts.",2017,11.28339944
Gabon,2010,40.27757856
Gabon,2011,41.13028375
Gabon,2012,40.8140906
Gabon,2013,40.72566252
Gabon,2014,41.31956969
Gabon,2015,44.09590117
Gabon,2016,43.72065291
Gabon,2017,44.38554846
United Kingdom,2010,12.29910815
United Kingdom,2011,12.84799901
United Kingdom,2012,11.81449494
United Kingdom,2013,11.61890149
United Kingdom,2014,10.80055978
United Kingdom,2015,10.75487287
United Kingdom,2016,10.50466684
United Kingdom,2017,10.47269039
Georgia,2010,26.10123773
Georgia,2011,26.78360332
Georgia,2012,25.00284928
Georgia,2013,23.91020353
Georgia,2014,22.96670742
Georgia,2015,24.25264627
Georgia,2016,21.82963618
Georgia,2017,22.19605462
Ghana,2010,27.36828359
Ghana,2011,28.21169897
Ghana,2012,28.89742723
Ghana,2013,27.81534006
Ghana,2014,25.8895233
Ghana,2015,34.68190071
Ghana,2016,36.25265622
Ghana,2017,34.7135141
Guinea,2010,21.97102786
Guinea,2011,22.44535934
Guinea,2012,22.98996509
Guinea,2013,21.25856145
Guinea,2014,21.19667275
Guinea,2015,26.94288524
Guinea,2016,24.77771417
Guinea,2017,26.0624902
"Gambia, The",2010,30.20126341
"Gambia, The",2011,29.26492223
"Gambia, The",2012,30.72906478
"Gambia, The",2013,29.80467273
"Gambia, The",2014,30.62189539
"Gambia, The",2015,36.30538082
"Gambia, The",2016,32.61530208
"Gambia, The",2017,33.98263855
Guinea-Bissau,2010,26.83635957
Guinea-Bissau,2011,27.38943995
Guinea-Bissau,2012,27.0902178
Guinea-Bissau,2013,26.52420728
Guinea-Bissau,2014,26.94095978
Guinea-Bissau,2015,31.79127202
Guinea-Bissau,2016,29.58586773
Guinea-Bissau,2017,29.77470228
Equatorial Guinea,2010,46.18648655
Equatorial Guinea,2011,46.85258767
Equatorial Guinea,2012,45.23237247
Equatorial Guinea,2013,43.62579322
Equatorial Guinea,2014,44.30179969
Equatorial Guinea,2015,52.63437057
Equatorial Guinea,2016,54.50903017
Equatorial Guinea,2017,53.24062104
Greece,2010,19.06108814
Greece,2011,20.00154124
Greece,2012,18.4207689
Greece,2013,17.77941628
Greece,2014,17.36504185
Greece,2015,17.74055711
Greece,2016,16.3289203
Greece,2017,16.21826638
Grenada,2010,27.47290781
Grenada,2011,28.13951521
Grenada,2012,26.46891843
Grenada,2013,25.84730814
Grenada,2014,24.28703113
Grenada,2015,24.16278293
Grenada,2016,22.88869124
Grenada,2017,22.72268748
Greenland,2010,13.92232395
Greenland,2011,14.09660544
Greenland,2012,13.40669025
Greenland,2013,12.75796756
Greenland,2014,12.51054773
Greenland,2015,11.76203951
Greenland,2016,11.57250485
Greenland,2017,11.60217946
Guatemala,2010,29.98259025
Guatemala,2011,31.72733122
Guatemala,2012,29.88625889
Guatemala,2013,30.05682402
Guatemala,2014,26.52785542
Guatemala,2015,25.072726100000004
Guatemala,2016,23.79782877
Guatemala,2017,24.07064893
Guam,2010,13.88834049
Guam,2011,14.1035329
Guam,2012,13.24230178
Guam,2013,12.78879461
Guam,2014,12.02255289
Guam,2015,12.53178352
Guam,2016,11.65176784
Guam,2017,11.63440681
Guyana,2010,27.31186474
Guyana,2011,27.92942466
Guyana,2012,26.90129942
Guyana,2013,24.85550257
Guyana,2014,23.64826569
Guyana,2015,23.88788174
Guyana,2016,22.37149881
Guyana,2017,22.37557463
High income,2010,16.67738168
High income,2011,16.96734124
High income,2012,16.08775025
High income,2013,15.88772818
High income,2014,14.99380683
High income,2015,15.82573797
High income,2016,14.52825013
High income,2017,14.693316399999999
Honduras,2010,26.88295242
Honduras,2011,28.90074716
Honduras,2012,27.44714935
Honduras,2013,27.68413611
Honduras,2014,23.16154008
Honduras,2015,22.40619622
Honduras,2016,21.08695992
Honduras,2017,20.62885065
Heavily indebted poor countries (HIPC),2010,37.1940271
Heavily indebted poor countries (HIPC),2011,37.92088319
Heavily indebted poor countries (HIPC),2012,38.51238609
Heavily indebted poor countries (HIPC),2013,37.22897296
Heavily indebted poor countries (HIPC),2014,36.42474075
Heavily indebted poor countries (HIPC),2015,41.41295603
Heavily indebted poor countries (HIPC),2016,40.50478998
Heavily indebted poor countries (HIPC),2017,40.71816288
Croatia,2010,21.33471864
Croatia,2011,21.96600369
Croatia,2012,20.2024228
Croatia,2013,19.58696201
Croatia,2014,18.43310352
Croatia,2015,19.20668151
Croatia,2016,17.78931891
Croatia,2017,17.90177229
Haiti,2010,17.7952414
Haiti,2011,18.75791703
Haiti,2012,17.48024488
Haiti,2013,16.76701123
Haiti,2014,16.26222456
Haiti,2015,15.540277300000001
Haiti,2016,15.08648313
Haiti,2017,15.01982438
Hungary,2010,19.13552438
Hungary,2011,19.360689999999998
Hungary,2012,17.52996008
Hungary,2013,17.231831200000002
Hungary,2014,16.31532793
Hungary,2015,17.23213014
Hungary,2016,15.88535024
Hungary,2017,15.92604819
IBRD only,2010,59.487144900000004
IBRD only,2011,60.12190248
IBRD only,2012,55.27196657
IBRD only,2013,56.61221017
IBRD only,2014,53.89643725
IBRD only,2015,53.88241868
IBRD only,2016,51.59303775
IBRD only,2017,52.02136738
IDA & IBRD total,2010,56.7273372
IDA & IBRD total,2011,57.23624056
IDA & IBRD total,2012,53.4989323
IDA & IBRD total,2013,53.97501864
IDA & IBRD total,2014,51.72774746
IDA & IBRD total,2015,53.05178371
IDA & IBRD total,2016,50.80783523
IDA & IBRD total,2017,51.17443449
IDA total,2010,47.76724485
IDA total,2011,47.98817229
IDA total,2012,47.88718776
IDA total,2013,45.73114703
IDA total,2014,45.03305905
IDA total,2015,50.52035915
IDA total,2016,48.44587399
IDA total,2017,48.66030982
IDA blend,2010,53.7071642
IDA blend,2011,53.47948039
IDA blend,2012,52.97394483
IDA blend,2013,49.92102481
IDA blend,2014,48.73760343
IDA blend,2015,59.35402426
IDA blend,2016,57.06969787
IDA blend,2017,57.16109317
Indonesia,2010,18.16928033
Indonesia,2011,18.04965117
Indonesia,2012,18.17016951
Indonesia,2013,16.87918132
Indonesia,2014,16.45463183
Indonesia,2015,16.64028042
Indonesia,2016,16.38415363
Indonesia,2017,16.5026533
IDA only,2010,44.78226926
IDA only,2011,45.22259958
IDA only,2012,45.32138318
IDA only,2013,43.61439438
IDA only,2014,43.15877562
IDA only,2015,46.0458936
IDA only,2016,44.074218200000004
IDA only,2017,44.34911151
India,2010,95.75817945
India,2011,97.59937863
India,2012,88.1694406
India,2013,91.80479161
India,2014,89.62238269
India,2015,89.3033343
India,2016,89.67217693
India,2017,90.87321047
Ireland,2010,9.976375087000001
Ireland,2011,10.28507938
Ireland,2012,9.522691992999999
Ireland,2013,9.360153635
Ireland,2014,8.750521532999999
Ireland,2015,8.672473457999999
Ireland,2016,8.279163345
Ireland,2017,8.208576735
"Iran, Islamic Rep.",2010,38.65150179
"Iran, Islamic Rep.",2011,38.0496892
"Iran, Islamic Rep.",2012,38.54205244
"Iran, Islamic Rep.",2013,38.10109206
"Iran, Islamic Rep.",2014,38.10949306
"Iran, Islamic Rep.",2015,39.61053238
"Iran, Islamic Rep.",2016,38.84130248
"Iran, Islamic Rep.",2017,38.97876028
Iraq,2010,68.71140482
Iraq,2011,66.36260979
Iraq,2012,66.84207687
Iraq,2013,63.80269591
Iraq,2014,56.56703027
Iraq,2015,66.26503791
Iraq,2016,63.95479607
Iraq,2017,61.63623571
Iceland,2010,7.856536667
Iceland,2011,8.098884846
Iceland,2012,7.33692926
Iceland,2013,7.171207035
Iceland,2014,6.948896646000001
Iceland,2015,6.9279689410000005
Iceland,2016,6.60765416
Iceland,2017,6.4811472629999995
Israel,2010,24.01923772
Israel,2011,23.90468673
Israel,2012,23.03884904
Israel,2013,22.94633022
Israel,2014,22.05914688
Israel,2015,22.7797827
Israel,2016,20.76570151
Israel,2017,21.38110224
Italy,2010,19.02523065
Italy,2011,19.99426671
Italy,2012,18.10524741
Italy,2013,17.75772244
Italy,2014,17.76927084
Italy,2015,17.89144517
Italy,2016,16.49037374
Italy,2017,16.75071194
Jamaica,2010,16.09171498
Jamaica,2011,16.54249891
Jamaica,2012,15.46047097
Jamaica,2013,14.93139975
Jamaica,2014,14.07433169
Jamaica,2015,14.176659299999999
Jamaica,2016,13.39596321
Jamaica,2017,13.40415053
Jordan,2010,33.55056636
Jordan,2011,33.01726148
Jordan,2012,33.01693524
Jordan,2013,33.41761072
Jordan,2014,33.20542058
Jordan,2015,34.30544926
Jordan,2016,33.17661668
Jordan,2017,33.00608118
Japan,2010,14.14233824
Japan,2011,14.14103105
Japan,2012,13.12887233
Japan,2013,13.36255833
Japan,2014,12.58661692
Japan,2015,12.68745973
Japan,2016,11.62392259
Japan,2017,11.70477819
Kazakhstan,2010,15.91449319
Kazakhstan,2011,15.24383546
Kazakhstan,2012,14.48103768
Kazakhstan,2013,14.598564300000001
Kazakhstan,2014,13.74975351
Kazakhstan,2015,14.38480208
Kazakhstan,2016,13.08443846
Kazakhstan,2017,13.82428836
Kenya,2010,28.15477084
Kenya,2011,28.66288466
Kenya,2012,29.37227988
Kenya,2013,28.93534528
Kenya,2014,28.94935013
Kenya,2015,28.53628017
Kenya,2016,28.58337727
Kenya,2017,28.57837427
Kyrgyz Republic,2010,27.26538617
Kyrgyz Republic,2011,27.51760207
Kyrgyz Republic,2012,25.48983252
Kyrgyz Republic,2013,25.44035534
Kyrgyz Republic,2014,23.29819153
Kyrgyz Republic,2015,24.34473551
Kyrgyz Republic,2016,23.1955558
Kyrgyz Republic,2017,22.73776806
Cambodia,2010,31.34313632
Cambodia,2011,30.91962359
Cambodia,2012,31.28373261
Cambodia,2013,30.33652957
Cambodia,2014,28.58336628
Cambodia,2015,26.76923854
Cambodia,2016,25.20287478
Cambodia,2017,25.61429187
Kiribati,2010,13.17504079
Kiribati,2011,13.35815463
Kiribati,2012,12.59423175
Kiribati,2013,12.32529751
Kiribati,2014,11.39374232
Kiribati,2015,11.51431847
Kiribati,2016,10.53783926
Kiribati,2017,10.64085586
"Korea, Rep.",2010,29.80201
"Korea, Rep.",2011,29.68119454
"Korea, Rep.",2012,27.91595259
"Korea, Rep.",2013,29.46191729
"Korea, Rep.",2014,27.21311037
"Korea, Rep.",2015,28.214243699999997
"Korea, Rep.",2016,25.09854067
"Korea, Rep.",2017,25.03942539
Kuwait,2010,62.74398094
Kuwait,2011,62.82540677
Kuwait,2012,64.07091103
Kuwait,2013,62.61130895
Kuwait,2014,55.62390422
Kuwait,2015,65.40607715
Kuwait,2016,60.84385161
Kuwait,2017,60.74515954
Latin America & Caribbean (excluding high income),2010,20.98174686
Latin America & Caribbean (excluding high income),2011,21.41174058
Latin America & Caribbean (excluding high income),2012,20.36104932
Latin America & Caribbean (excluding high income),2013,19.70428882
Latin America & Caribbean (excluding high income),2014,18.30342942
Latin America & Caribbean (excluding high income),2015,17.65368039
Latin America & Caribbean (excluding high income),2016,16.63659637
Latin America & Caribbean (excluding high income),2017,16.62660802
Lao PDR,2010,31.73199577
Lao PDR,2011,29.66966026
Lao PDR,2012,30.29741812
Lao PDR,2013,30.25948938
Lao PDR,2014,28.39017177
Lao PDR,2015,26.13948876
Lao PDR,2016,25.80101805
Lao PDR,2017,25.10953834
Lebanon,2010,30.89212513
Lebanon,2011,30.06910747
Lebanon,2012,30.10805188
Lebanon,2013,30.58809767
Lebanon,2014,30.44456692
Lebanon,2015,31.22929528
Lebanon,2016,30.17186865
Lebanon,2017,30.62111051
Liberia,2010,15.24919691
Liberia,2011,16.14705151
Liberia,2012,16.28820747
Liberia,2013,15.38285732
Liberia,2014,14.94227071
Liberia,2015,18.21280418
Liberia,2016,17.88677836
Liberia,2017,17.98411246
Libya,2010,50.1472295
Libya,2011,44.63173396
Libya,2012,44.9113635
Libya,2013,49.2794823
Libya,2014,47.50123391
Libya,2015,51.53264014
Libya,2016,52.1292063
Libya,2017,54.25468179
St. Lucia,2010,27.63597227
St. Lucia,2011,28.07865593
St. Lucia,2012,26.36748478
St. Lucia,2013,25.44480168
St. Lucia,2014,24.23630259
St. Lucia,2015,24.28323968
St. Lucia,2016,22.35339926
St. Lucia,2017,22.40081712
Latin America & Caribbean,2010,21.05366404
Latin America & Caribbean,2011,21.5091
Latin America & Caribbean,2012,20.44059804
Latin America & Caribbean,2013,19.76987714
Latin America & Caribbean,2014,18.39178755
Latin America & Caribbean,2015,17.75361437
Latin America & Caribbean,2016,16.69979803
Latin America & Caribbean,2017,16.70843563
Least developed countries: UN classification,2010,46.02956381
Least developed countries: UN classification,2011,46.40982202
Least developed countries: UN classification,2012,46.57388475
Least developed countries: UN classification,2013,44.79319470000001
Least developed countries: UN classification,2014,44.42151401
Least developed countries: UN classification,2015,47.02633991
Least developed countries: UN classification,2016,44.92669561
Least developed countries: UN classification,2017,45.2788367
Low income,2010,40.19754203
Low income,2011,41.12167077
Low income,2012,41.44766686
Low income,2013,40.4066944
Low income,2014,39.38425307
Low income,2015,44.27626201
Low income,2016,43.01846295
Low income,2017,43.30572396
Sri Lanka,2010,31.03378115
Sri Lanka,2011,31.23207466
Sri Lanka,2012,30.08397283
Sri Lanka,2013,28.89822769
Sri Lanka,2014,26.92277652
Sri Lanka,2015,25.33734371
Sri Lanka,2016,14.02544523
Sri Lanka,2017,11.09961724
Lower middle income,2010,65.55458854
Lower middle income,2011,65.98172786
Lower middle income,2012,61.76705858
Lower middle income,2013,62.39400763
Lower middle income,2014,61.11412035
Lower middle income,2015,63.06246668
Lower middle income,2016,62.17260261
Lower middle income,2017,62.62095255
Low & middle income,2010,57.09490371
Low & middle income,2011,57.60481223
Low & middle income,2012,53.84418276
Low & middle income,2013,54.34172916
Low & middle income,2014,52.07607474
Low & middle income,2015,53.41764064
Low & middle income,2016,51.14684715
Low & middle income,2017,51.51055614
Lesotho,2010,32.24059762
Lesotho,2011,31.3547412
Lesotho,2012,31.21324307
Lesotho,2013,32.14869782
Lesotho,2014,33.08010261
Lesotho,2015,30.88497707
Lesotho,2016,28.33683335
Lesotho,2017,28.02865352
Late-demographic dividend,2010,52.07746917
Late-demographic dividend,2011,52.66277408
Late-demographic dividend,2012,48.17102531
Late-demographic dividend,2013,48.9912591
Late-demographic dividend,2014,45.03104629
Late-demographic dividend,2015,44.53809107
Late-demographic dividend,2016,39.78062945
Late-demographic dividend,2017,40.00834414
Lithuania,2010,14.97106496
Lithuania,2011,14.50968278
Lithuania,2012,13.78452468
Lithuania,2013,12.98119203
Lithuania,2014,12.84519425
Lithuania,2015,12.45503512
Lithuania,2016,11.82161558
Lithuania,2017,11.85328236
Luxembourg,2010,12.95878369
Luxembourg,2011,12.68599568
Luxembourg,2012,11.77557609
Luxembourg,2013,11.6053841
Luxembourg,2014,10.85761339
Luxembourg,2015,11.00665465
Luxembourg,2016,10.31198129
Luxembourg,2017,10.364637400000001
Latvia,2010,17.11506451
Latvia,2011,16.5726763
Latvia,2012,15.59855973
Latvia,2013,14.88430819
Latvia,2014,14.8790851
Latvia,2015,13.9682016
Latvia,2016,13.44747197
Latvia,2017,13.42645752
Morocco,2010,29.6489603
Morocco,2011,29.26656426
Morocco,2012,27.79028358
Morocco,2013,29.25951913
Morocco,2014,29.94944999
Morocco,2015,31.44008691
Morocco,2016,32.93537423
Morocco,2017,32.59354146
Moldova,2010,19.11610415
Moldova,2011,19.92486817
Moldova,2012,18.40928474
Moldova,2013,17.43239973
Moldova,2014,16.72646105
Moldova,2015,17.07913959
Moldova,2016,16.36379754
Moldova,2017,16.25103271
Madagascar,2010,22.66201053
Madagascar,2011,23.36285963
Madagascar,2012,22.71642527
Madagascar,2013,23.90916176
Madagascar,2014,23.51776666
Madagascar,2015,22.95040117
Madagascar,2016,22.89570824
Madagascar,2017,22.54228288
Maldives,2010,11.30982939
Maldives,2011,11.78963462
Maldives,2012,11.1574823
Maldives,2013,10.56967928
Maldives,2014,9.921230863
Maldives,2015,9.37394394
Maldives,2016,7.972428925
Maldives,2017,7.7958207989999995
Middle East & North Africa,2010,51.81086059
Middle East & North Africa,2011,50.26054584
Middle East & North Africa,2012,51.06016051
Middle East & North Africa,2013,51.94044034
Middle East & North Africa,2014,50.52292925
Middle East & North Africa,2015,57.0183405
Middle East & North Africa,2016,55.80675019
Middle East & North Africa,2017,55.66796618
Mexico,2010,26.365439000000002
Mexico,2011,27.74129679
Mexico,2012,25.98165883
Mexico,2013,25.44908967
Mexico,2014,23.09968975
Mexico,2015,22.13299585
Mexico,2016,20.70682854
Mexico,2017,20.92111579
Marshall Islands,2010,12.94670836
Marshall Islands,2011,12.93217057
Marshall Islands,2012,12.12353358
Marshall Islands,2013,11.87438859
Marshall Islands,2014,11.07022018
Marshall Islands,2015,10.83766846
Marshall Islands,2016,10.15200199
Marshall Islands,2017,10.24133222
Middle income,2010,58.75687268
Middle income,2011,59.24987956
Middle income,2012,55.09893122
Middle income,2013,55.77170123
Middle income,2014,53.39651904
Middle income,2015,54.3821531
Middle income,2016,52.01681432
Middle income,2017,52.40155303
North Macedonia,2010,34.45696977
North Macedonia,2011,38.0831195
North Macedonia,2012,34.65781455
North Macedonia,2013,32.01504863
North Macedonia,2014,31.79054123
North Macedonia,2015,31.97598914
North Macedonia,2016,29.59326907
North Macedonia,2017,29.72694451
Mali,2010,36.39765973
Mali,2011,35.14164437
Mali,2012,34.7002263
Mali,2013,32.30682338
Mali,2014,33.91611574
Mali,2015,41.92692766
Mali,2016,38.48039528
Mali,2017,38.52660616
Malta,2010,16.4493999
Malta,2011,16.64430398
Malta,2012,15.39716095
Malta,2013,15.28194422
Malta,2014,14.43540357
Malta,2015,14.72246254
Malta,2016,13.81139444
Malta,2017,13.90954337
Myanmar,2010,44.05611525
Myanmar,2011,43.61990347
Myanmar,2012,42.5228124
Myanmar,2013,42.88286944
Myanmar,2014,40.28896854
Myanmar,2015,38.51378205
Myanmar,2016,36.033701
Myanmar,2017,35.55745292
Middle East & North Africa (excluding high income),2010,50.15897525
Middle East & North Africa (excluding high income),2011,48.26755615
Middle East & North Africa (excluding high income),2012,48.80964791
Middle East & North Africa (excluding high income),2013,49.96638447
Middle East & North Africa (excluding high income),2014,49.22638494
Middle East & North Africa (excluding high income),2015,54.46832322
Middle East & North Africa (excluding high income),2016,54.37185471
Middle East & North Africa (excluding high income),2017,53.85619423
Montenegro,2010,25.055406299999998
Montenegro,2011,26.62922388
Montenegro,2012,24.68030289
Montenegro,2013,23.27422599
Montenegro,2014,21.94705168
Montenegro,2015,22.55969129
Montenegro,2016,20.92405137
Montenegro,2017,20.78181355
Mongolia,2010,43.30465329
Mongolia,2011,45.36017005
Mongolia,2012,42.6543748
Mongolia,2013,42.32131127
Mongolia,2014,39.29514006
Mongolia,2015,42.51464988
Mongolia,2016,38.22281711
Mongolia,2017,40.11284905
Northern Mariana Islands,2010,11.926381
Northern Mariana Islands,2011,12.19962657
Northern Mariana Islands,2012,11.43999611
Northern Mariana Islands,2013,10.96502021
Northern Mariana Islands,2014,10.3134722
Northern Mariana Islands,2015,10.39771204
Northern Mariana Islands,2016,9.91775575
Northern Mariana Islands,2017,9.892981128999999
Mozambique,2010,23.56146872
Mozambique,2011,22.6090715
Mozambique,2012,22.86760109
Mozambique,2013,22.63615999
Mozambique,2014,22.61416414
Mozambique,2015,21.90588194
Mozambique,2016,21.47182554
Mozambique,2017,21.29869546
Mauritania,2010,39.63741338
Mauritania,2011,40.04314497
Mauritania,2012,42.34351169
Mauritania,2013,40.21579155
Mauritania,2014,43.11078408
Mauritania,2015,49.49825592
Mauritania,2016,46.66758772
Mauritania,2017,47.42299178
Mauritius,2010,15.194772899999998
Mauritius,2011,15.20170165
Mauritius,2012,15.24585596
Mauritius,2013,15.55617651
Mauritius,2014,15.29264823
Mauritius,2015,14.44195579
Mauritius,2016,14.34637947
Mauritius,2017,14.45782732
Malawi,2010,25.6961984
Malawi,2011,25.16500891
Malawi,2012,25.73840151
Malawi,2013,24.68347878
Malawi,2014,25.19822884
Malawi,2015,24.53742932
Malawi,2016,23.09261542
Malawi,2017,23.56592147
Malaysia,2010,18.59375306
Malaysia,2011,19.20260869
Malaysia,2012,19.1822225
Malaysia,2013,17.55444704
Malaysia,2014,16.92315529
Malaysia,2015,17.44091023
Malaysia,2016,15.75128619
Malaysia,2017,16.03580871
North America,2010,9.263171352
North America,2011,9.630811687000001
North America,2012,8.914901947999999
North America,2013,8.641442734
North America,2014,8.142225648
North America,2015,7.973349587
North America,2016,7.32104817
North America,2017,7.3110745889999995
Namibia,2010,27.65989633
Namibia,2011,27.01015451
Namibia,2012,26.79870806
Namibia,2013,27.09281609
Namibia,2014,26.01812153
Namibia,2015,26.91001673
Namibia,2016,25.55214196
Namibia,2017,25.3587654
Niger,2010,69.15017669
Niger,2011,72.98276678
Niger,2012,72.54464459
Niger,2013,63.03171725
Niger,2014,60.54135722
Niger,2015,87.28128201
Niger,2016,87.70847201
Niger,2017,94.05381768
Nigeria,2010,52.60906391
Nigeria,2011,50.97308923
Nigeria,2012,56.129637699999996
Nigeria,2013,49.74068894
Nigeria,2014,48.63337361
Nigeria,2015,75.39899187
Nigeria,2016,71.369601
Nigeria,2017,71.79817438
Nicaragua,2010,22.4922691
Nicaragua,2011,22.47952015
Nicaragua,2012,22.35271161
Nicaragua,2013,21.92907575
Nicaragua,2014,19.38772134
Nicaragua,2015,18.56913277
Nicaragua,2016,17.7277291
Nicaragua,2017,17.61418045
Netherlands,2010,15.23243025
Netherlands,2011,14.98813864
Netherlands,2012,13.81241373
Netherlands,2013,13.04314511
Netherlands,2014,12.82879707
Netherlands,2015,12.93210515
Netherlands,2016,12.02524278
Netherlands,2017,12.03440807
Norway,2010,8.341507222999999
Norway,2011,8.853510781
Norway,2012,7.925281241
Norway,2013,7.633674824
Norway,2014,7.670895927
Norway,2015,7.242775336
Norway,2016,6.95945733
Norway,2017,6.956519803
Nepal,2010,100.78442790000001
Nepal,2011,100.76606070000001
Nepal,2012,96.96329149
Nepal,2013,95.31398561
Nepal,2014,98.11601657
Nepal,2015,96.25276818
Nepal,2016,98.05471403
Nepal,2017,99.73437372
New Zealand,2010,7.152865691000001
New Zealand,2011,7.420696435
New Zealand,2012,6.83583564
New Zealand,2013,6.781885551
New Zealand,2014,6.357903512
New Zealand,2015,6.33043381
New Zealand,2016,5.987363154
New Zealand,2017,5.956001129
OECD members,2010,17.15336173
OECD members,2011,17.28235435
OECD members,2012,16.32127016
OECD members,2013,16.07862334
OECD members,2014,15.34519282
OECD members,2015,15.463421100000001
OECD members,2016,14.48857812
OECD members,2017,14.534719899999999
Oman,2010,37.51533394
Oman,2011,39.10379482
Oman,2012,40.73328348
Oman,2013,41.0527687
Oman,2014,37.71088051
Oman,2015,42.62758972
Oman,2016,41.78219181
Oman,2017,41.11523827
Other small states,2010,32.36460693
Other small states,2011,32.46156738
Other small states,2012,33.51364608
Other small states,2013,33.42422092
Other small states,2014,32.46593902
Other small states,2015,35.84468074
Other small states,2016,34.25449606
Other small states,2017,34.75438881
Pakistan,2010,68.00519044
Pakistan,2011,68.54493561
Pakistan,2012,62.37664629
Pakistan,2013,61.02216287
Pakistan,2014,59.51836271
Pakistan,2015,60.08589291
Pakistan,2016,58.63276393
Pakistan,2017,58.28241877
Panama,2010,14.13891846
Panama,2011,14.29603899
Panama,2012,13.97236651
Panama,2013,13.397870499999998
Panama,2014,12.92161513
Panama,2015,12.49074394
Panama,2016,11.46554742
Panama,2017,11.40005433
Peru,2010,31.50257401
Peru,2011,31.57116569
Peru,2012,30.49445583
Peru,2013,29.74308641
Peru,2014,27.582672600000002
Peru,2015,26.03726793
Peru,2016,25.54274604
Peru,2017,24.78672805
Philippines,2010,23.59231552
Philippines,2011,22.75483447
Philippines,2012,22.54958361
Philippines,2013,21.21628777
Philippines,2014,20.25958716
Philippines,2015,19.58154202
Philippines,2016,18.22692834
Philippines,2017,18.06979891
Papua New Guinea,2010,14.94135871
Papua New Guinea,2011,15.51903383
Papua New Guinea,2012,14.60653316
Papua New Guinea,2013,13.95262793
Papua New Guinea,2014,13.24529823
Papua New Guinea,2015,13.2617261
Papua New Guinea,2016,12.61505599
Papua New Guinea,2017,12.29441826
Poland,2010,27.17650018
Poland,2011,26.37250707
Poland,2012,24.26397739
Poland,2013,22.9287237
Poland,2014,22.21089179
Poland,2015,22.69131805
Poland,2016,20.975767899999997
Poland,2017,20.87782222
Pre-demographic dividend,2010,42.33131682
Pre-demographic dividend,2011,42.38233536
Pre-demographic dividend,2012,44.09099895
Pre-demographic dividend,2013,41.55031179
Pre-demographic dividend,2014,40.54014676
Pre-demographic dividend,2015,50.26088908
Pre-demographic dividend,2016,48.38085889
Pre-demographic dividend,2017,48.63566273
Puerto Rico,2010,10.37254851
Puerto Rico,2011,10.57940611
Puerto Rico,2012,9.96624445
Puerto Rico,2013,9.703754136
Puerto Rico,2014,9.089227717
Puerto Rico,2015,8.920910287
Puerto Rico,2016,8.342871257999999
Puerto Rico,2017,8.349033339
"Korea, Dem. People's Rep.",2010,39.34265696
"Korea, Dem. People's Rep.",2011,38.89336879
"Korea, Dem. People's Rep.",2012,36.40751446
"Korea, Dem. People's Rep.",2013,37.13485586
"Korea, Dem. People's Rep.",2014,35.2402154
"Korea, Dem. People's Rep.",2015,37.41178381
"Korea, Dem. People's Rep.",2016,31.75842415
"Korea, Dem. People's Rep.",2017,32.00745162
Portugal,2010,10.07688693
Portugal,2011,10.35501263
Portugal,2012,9.484802799
Portugal,2013,9.432044129
Portugal,2014,8.78479289
Portugal,2015,8.823283435
Portugal,2016,8.052763686
Portugal,2017,8.160752248
Paraguay,2010,15.10292317
Paraguay,2011,14.59811855
Paraguay,2012,13.94830615
Paraguay,2013,12.92656928
Paraguay,2014,12.641075500000001
Paraguay,2015,13.03807402
Paraguay,2016,11.64932248
Paraguay,2017,11.90908085
West Bank and Gaza,2010,33.00667425
West Bank and Gaza,2011,32.87331274
West Bank and Gaza,2012,32.76945904
West Bank and Gaza,2013,33.49296358
West Bank and Gaza,2014,33.44828276
West Bank and Gaza,2015,33.89141151
West Bank and Gaza,2016,32.74206764
West Bank and Gaza,2017,33.22563038
Pacific island small states,2010,13.84473054
Pacific island small states,2011,14.03611639
Pacific island small states,2012,13.06153489
Pacific island small states,2013,12.45048489
Pacific island small states,2014,12.00545824
Pacific island small states,2015,11.99834369
Pacific island small states,2016,11.30303337
Pacific island small states,2017,11.26764077
Post-demographic dividend,2010,14.17127619
Post-demographic dividend,2011,14.41359021
Post-demographic dividend,2012,13.35909494
Post-demographic dividend,2013,13.13140401
Post-demographic dividend,2014,12.43478517
Post-demographic dividend,2015,12.53362923
Post-demographic dividend,2016,11.60065984
Post-demographic dividend,2017,11.59246628
Qatar,2010,84.12290235
Qatar,2011,81.27300550000001
Qatar,2012,89.24697128
Qatar,2013,88.89051503
Qatar,2014,78.83284035
Qatar,2015,94.40389119
Qatar,2016,88.22244652
Qatar,2017,91.18732793
Romania,2010,17.06214749
Romania,2011,17.63675464
Romania,2012,16.31584539
Romania,2013,15.36930935
Romania,2014,15.00649546
Romania,2015,15.43355526
Romania,2016,14.53706284
Romania,2017,14.61134019
Russian Federation,2010,19.48031098
Russian Federation,2011,19.19151083
Russian Federation,2012,18.30433841
Russian Federation,2013,17.79507055
Russian Federation,2014,16.58216295
Russian Federation,2015,17.019191199999998
Russian Federation,2016,16.21988971
Russian Federation,2017,16.16022381
Rwanda,2010,41.44091192
Rwanda,2011,42.68095937
Rwanda,2012,44.56089624
Rwanda,2013,44.41158508
Rwanda,2014,42.21148744
Rwanda,2015,42.61448971
Rwanda,2016,42.84380209
Rwanda,2017,43.21021716
South Asia,2010,89.16764514
South Asia,2011,90.56948124
South Asia,2012,82.7316803
South Asia,2013,84.69030328
South Asia,2014,83.06719753
South Asia,2015,82.72487662
South Asia,2016,81.98110471
South Asia,2017,82.86934534
Saudi Arabia,2010,81.69918208
Saudi Arabia,2011,82.41903191
Saudi Arabia,2012,85.51330311
Saudi Arabia,2013,83.63099223
Saudi Arabia,2014,75.60844062
Saudi Arabia,2015,97.432289
Saudi Arabia,2016,84.46577505
Saudi Arabia,2017,87.94544668
Sudan,2010,47.26205558
Sudan,2011,51.15242727
Sudan,2012,49.68593895
Sudan,2013,48.02814491
Sudan,2014,48.14174218
Sudan,2015,58.90478573
Sudan,2016,54.14727633
Sudan,2017,55.37083444
Senegal,2010,34.98538395
Senegal,2011,35.93539952
Senegal,2012,36.16775596
Senegal,2013,34.0182249
Senegal,2014,36.82683776
Senegal,2015,44.34080072
Senegal,2016,38.69494655
Senegal,2017,40.695825899999996
Singapore,2010,20.60946174
Singapore,2011,19.34942078
Singapore,2012,20.88649301
Singapore,2013,18.70707148
Singapore,2014,17.40887705
Singapore,2015,20.66338947
Singapore,2016,18.79780262
Singapore,2017,19.078256500000002
Solomon Islands,2010,14.37425559
Solomon Islands,2011,14.37537331
Solomon Islands,2012,13.43024493
Solomon Islands,2013,12.55325496
Solomon Islands,2014,12.17203082
Solomon Islands,2015,12.69969555
Solomon Islands,2016,11.83068915
Solomon Islands,2017,11.87912184
Sierra Leone,2010,18.52888841
Sierra Leone,2011,18.74315581
Sierra Leone,2012,20.10129417
Sierra Leone,2013,18.43566679
Sierra Leone,2014,17.69823222
Sierra Leone,2015,22.52859793
Sierra Leone,2016,21.34393233
Sierra Leone,2017,21.62594668
El Salvador,2010,30.46194135
El Salvador,2011,33.62826513
El Salvador,2012,30.93397435
El Salvador,2013,30.75988157
El Salvador,2014,27.50259084
El Salvador,2015,26.47473092
El Salvador,2016,24.73648611
El Salvador,2017,24.47229229
Somalia,2010,29.00018535
Somalia,2011,31.23015581
Somalia,2012,31.58710495
Somalia,2013,29.551572600000004
Somalia,2014,30.40108067
Somalia,2015,32.01839243
Somalia,2016,31.75174608
Somalia,2017,32.03458423
Serbia,2010,29.10058899
Serbia,2011,31.03402776
Serbia,2012,28.5847484
Serbia,2013,27.43078591
Serbia,2014,26.49207255
Serbia,2015,26.95437789
Serbia,2016,24.78062162
Serbia,2017,24.72635819
Sub-Saharan Africa (excluding high income),2010,38.21440379
Sub-Saharan Africa (excluding high income),2011,38.36285629
Sub-Saharan Africa (excluding high income),2012,39.83157687
Sub-Saharan Africa (excluding high income),2013,37.91882717
Sub-Saharan Africa (excluding high income),2014,37.23411763
Sub-Saharan Africa (excluding high income),2015,45.67307315
Sub-Saharan Africa (excluding high income),2016,44.37069346
Sub-Saharan Africa (excluding high income),2017,44.61537407
South Sudan,2010,43.22533996
South Sudan,2011,45.10147241
South Sudan,2012,43.97405864
South Sudan,2013,42.64200121
South Sudan,2014,41.90056033
South Sudan,2015,47.76803169
South Sudan,2016,44.84657199
South Sudan,2017,45.57750557
Sub-Saharan Africa,2010,38.21263497
Sub-Saharan Africa,2011,38.361216
Sub-Saharan Africa,2012,39.82981257
Sub-Saharan Africa,2013,37.91721053
Sub-Saharan Africa,2014,37.2325842
Sub-Saharan Africa,2015,45.67066889
Sub-Saharan Africa,2016,44.36847435
Sub-Saharan Africa,2017,44.61314386
Small states,2010,29.34715779
Small states,2011,29.60181392
Small states,2012,30.07787441
Small states,2013,29.86598442
Small states,2014,28.86819967
Small states,2015,31.46494595
Small states,2016,30.07734602
Small states,2017,30.47224793
Sao Tome and Principe,2010,27.12662111
Sao Tome and Principe,2011,27.86024402
Sao Tome and Principe,2012,25.91584337
Sao Tome and Principe,2013,27.65881666
Sao Tome and Principe,2014,27.86230189
Sao Tome and Principe,2015,28.43209352
Sao Tome and Principe,2016,28.6665386
Sao Tome and Principe,2017,28.53958436
Suriname,2010,29.83188899
Suriname,2011,31.03872183
Suriname,2012,29.133610100000002
Suriname,2013,28.80831685
Suriname,2014,25.99884713
Suriname,2015,25.973284399999997
Suriname,2016,25.31697817
Suriname,2017,24.78001054
Slovak Republic,2010,21.69021974
Slovak Republic,2011,21.76719851
Slovak Republic,2012,19.76493293
Slovak Republic,2013,19.31549268
Slovak Republic,2014,18.30418161
Slovak Republic,2015,18.8026457
Slovak Republic,2016,17.35366264
Slovak Republic,2017,17.56291134
Slovenia,2010,18.6816561
Slovenia,2011,19.514137899999998
Slovenia,2012,17.67007906
Slovenia,2013,17.57137864
Slovenia,2014,16.63270074
Slovenia,2015,17.12815192
Slovenia,2016,15.91273727
Slovenia,2017,16.02397998
Sweden,2010,7.209759036
Sweden,2011,7.391221331000001
Sweden,2012,6.627941996000001
Sweden,2013,6.431168897
Sweden,2014,6.959197681
Sweden,2015,6.3224983329999995
Sweden,2016,6.1142584620000004
Sweden,2017,6.18466509
Eswatini,2010,18.12819268
Eswatini,2011,17.97331213
Eswatini,2012,18.182331299999998
Eswatini,2013,18.30780849
Eswatini,2014,17.97877739
Eswatini,2015,17.92480826
Eswatini,2016,17.14854776
Eswatini,2017,17.16878731
Seychelles,2010,21.09126804
Seychelles,2011,21.61035805
Seychelles,2012,21.49533511
Seychelles,2013,20.96973692
Seychelles,2014,20.97051747
Seychelles,2015,20.05359496
Seychelles,2016,20.40382446
Seychelles,2017,20.17864936
Syrian Arab Republic,2010,42.65768485
Syrian Arab Republic,2011,41.12495285
Syrian Arab Republic,2012,41.01683877
Syrian Arab Republic,2013,41.91496819
Syrian Arab Republic,2014,41.53448066
Syrian Arab Republic,2015,44.31390854
Syrian Arab Republic,2016,43.70255284
Syrian Arab Republic,2017,43.75725947
Chad,2010,56.58662749
Chad,2011,55.19515958
Chad,2012,58.67538804
Chad,2013,53.0564069
Chad,2014,51.24716851
Chad,2015,68.68239375
Chad,2016,64.77076912
Chad,2017,66.0292055
East Asia & Pacific (IDA & IBRD countries),2010,56.05483076
East Asia & Pacific (IDA & IBRD countries),2011,56.60655502
East Asia & Pacific (IDA & IBRD countries),2012,51.83337273
East Asia & Pacific (IDA & IBRD countries),2013,52.63417869
East Asia & Pacific (IDA & IBRD countries),2014,48.28313286
East Asia & Pacific (IDA & IBRD countries),2015,47.49867544
East Asia & Pacific (IDA & IBRD countries),2016,42.43185575
East Asia & Pacific (IDA & IBRD countries),2017,42.67132431
Europe & Central Asia (IDA & IBRD countries),2010,26.611645799999998
Europe & Central Asia (IDA & IBRD countries),2011,26.34384692
Europe & Central Asia (IDA & IBRD countries),2012,25.3731318
Europe & Central Asia (IDA & IBRD countries),2013,24.87353681
Europe & Central Asia (IDA & IBRD countries),2014,24.05679326
Europe & Central Asia (IDA & IBRD countries),2015,25.13329111
Europe & Central Asia (IDA & IBRD countries),2016,23.99166223
Europe & Central Asia (IDA & IBRD countries),2017,24.09296877
Togo,2010,30.52294447
Togo,2011,30.85480627
Togo,2012,31.36920959
Togo,2013,29.56592775
Togo,2014,28.93629146
Togo,2015,38.35682101
Togo,2016,37.05110734
Togo,2017,35.73133561
Thailand,2010,31.56539944
Thailand,2011,31.60962923
Thailand,2012,31.52531464
Thailand,2013,31.17472364
Thailand,2014,29.36464114
Thailand,2015,27.34456692
Thailand,2016,26.25805467
Thailand,2017,26.25672656
Tajikistan,2010,50.40541765
Tajikistan,2011,54.319961
Tajikistan,2012,48.98960355
Tajikistan,2013,49.55313763
Tajikistan,2014,46.48082923
Tajikistan,2015,47.79297353
Tajikistan,2016,43.37770931
Tajikistan,2017,46.15218537
Turkmenistan,2010,24.85182927
Turkmenistan,2011,25.49609942
Turkmenistan,2012,23.80201005
Turkmenistan,2013,23.721889800000003
Turkmenistan,2014,22.08490686
Turkmenistan,2015,22.97054002
Turkmenistan,2016,21.74112228
Turkmenistan,2017,21.76772098
Latin America & the Caribbean (IDA & IBRD countries),2010,21.0646133
Latin America & the Caribbean (IDA & IBRD countries),2011,21.512532500000002
Latin America & the Caribbean (IDA & IBRD countries),2012,20.45017396
Latin America & the Caribbean (IDA & IBRD countries),2013,19.77049083
Latin America & the Caribbean (IDA & IBRD countries),2014,18.38987039
Latin America & the Caribbean (IDA & IBRD countries),2015,17.74334566
Latin America & the Caribbean (IDA & IBRD countries),2016,16.68744325
Latin America & the Caribbean (IDA & IBRD countries),2017,16.6961862
Timor-Leste,2010,23.49239604
Timor-Leste,2011,23.75671867
Timor-Leste,2012,22.46662382
Timor-Leste,2013,21.96462302
Timor-Leste,2014,20.45010047
Timor-Leste,2015,20.62318671
Timor-Leste,2016,20.01790265
Timor-Leste,2017,19.25720917
Middle East & North Africa (IDA & IBRD countries),2010,50.35637044
Middle East & North Africa (IDA & IBRD countries),2011,48.44602813
Middle East & North Africa (IDA & IBRD countries),2012,48.99685164
Middle East & North Africa (IDA & IBRD countries),2013,50.15980232
Middle East & North Africa (IDA & IBRD countries),2014,49.41268315
Middle East & North Africa (IDA & IBRD countries),2015,54.71259336
Middle East & North Africa (IDA & IBRD countries),2016,54.62999144
Middle East & North Africa (IDA & IBRD countries),2017,54.10316232
Tonga,2010,13.53194839
Tonga,2011,13.517088399999999
Tonga,2012,12.43817111
Tonga,2013,12.14771339
Tonga,2014,12.05763996
Tonga,2015,11.31296782
Tonga,2016,10.95142376
Tonga,2017,10.78547886
South Asia (IDA & IBRD),2010,89.16764514
South Asia (IDA & IBRD),2011,90.56948124
South Asia (IDA & IBRD),2012,82.7316803
South Asia (IDA & IBRD),2013,84.69030328
South Asia (IDA & IBRD),2014,83.06719753
South Asia (IDA & IBRD),2015,82.72487662
South Asia (IDA & IBRD),2016,81.98110471
South Asia (IDA & IBRD),2017,82.86934534
Sub-Saharan Africa (IDA & IBRD countries),2010,38.21263497
Sub-Saharan Africa (IDA & IBRD countries),2011,38.361216
Sub-Saharan Africa (IDA & IBRD countries),2012,39.82981257
Sub-Saharan Africa (IDA & IBRD countries),2013,37.91721053
Sub-Saharan Africa (IDA & IBRD countries),2014,37.2325842
Sub-Saharan Africa (IDA & IBRD countries),2015,45.67066889
Sub-Saharan Africa (IDA & IBRD countries),2016,44.36847435
Sub-Saharan Africa (IDA & IBRD countries),2017,44.61314386
Trinidad and Tobago,2010,28.70418626
Trinidad and Tobago,2011,29.85162487
Trinidad and Tobago,2012,27.94250467
Trinidad and Tobago,2013,27.15873901
Trinidad and Tobago,2014,24.85584226
Trinidad and Tobago,2015,24.898076899999996
Trinidad and Tobago,2016,24.23048069
Trinidad and Tobago,2017,24.10856843
Tunisia,2010,35.54548859
Tunisia,2011,33.86835212
Tunisia,2012,32.81580557
Tunisia,2013,35.65414466
Tunisia,2014,34.69205883
Tunisia,2015,36.30424932
Tunisia,2016,38.45049077
Tunisia,2017,37.65599375
Turkey,2010,43.82122875
Turkey,2011,40.54510881
Turkey,2012,41.92091892
Turkey,2013,42.06258311
Turkey,2014,42.59577121
Turkey,2015,45.4015556
Turkey,2016,44.48275839
Turkey,2017,44.31152568
Tanzania,2010,28.60753269
Tanzania,2011,28.72876866
Tanzania,2012,29.96984478
Tanzania,2013,29.35963299
Tanzania,2014,28.87371592
Tanzania,2015,28.240448699999998
Tanzania,2016,28.44356969
Tanzania,2017,29.07664051
Uganda,2010,44.75869737
Uganda,2011,47.06116817
Uganda,2012,49.62672958
Uganda,2013,47.72115871
Uganda,2014,46.93056685
Uganda,2015,48.94936019
Uganda,2016,51.94410661
Uganda,2017,50.49432132
Ukraine,2010,23.52265648
Ukraine,2011,23.97110359
Ukraine,2012,22.3287933
Ukraine,2013,21.5323995
Ukraine,2014,20.48689522
Ukraine,2015,21.24645457
Ukraine,2016,20.618187
Ukraine,2017,20.30977582
Upper middle income,2010,50.41083191
Upper middle income,2011,50.91522554
Upper middle income,2012,46.77814262
Upper middle income,2013,47.4449719
Upper middle income,2014,43.62080524
Upper middle income,2015,43.30588917
Upper middle income,2016,38.96523549
Upper middle income,2017,39.17622406
Uruguay,2010,11.02705557
Uruguay,2011,11.468732199999998
Uruguay,2012,10.5672946
Uruguay,2013,10.45560559
Uruguay,2014,9.926816159
Uruguay,2015,9.65945432
Uruguay,2016,9.197441119
Uruguay,2017,9.27488332
United States,2010,9.35863641
United States,2011,9.740640607000001
United States,2012,9.00316337
United States,2013,8.734777211
United States,2014,8.220720319
United States,2015,8.063920222
United States,2016,7.406464089
United States,2017,7.409441662000001
Uzbekistan,2010,32.07745356
Uzbekistan,2011,33.99383696
Uzbekistan,2012,31.6621061
Uzbekistan,2013,30.80519356
Uzbekistan,2014,28.900036100000005
Uzbekistan,2015,30.394331899999997
Uzbekistan,2016,27.814347100000003
Uzbekistan,2017,28.4559012
St. Vincent and the Grenadines,2010,26.39665862
St. Vincent and the Grenadines,2011,27.58281022
St. Vincent and the Grenadines,2012,25.75407882
St. Vincent and the Grenadines,2013,24.76218005
St. Vincent and the Grenadines,2014,23.03093206
St. Vincent and the Grenadines,2015,23.47317148
St. Vincent and the Grenadines,2016,22.07655177
St. Vincent and the Grenadines,2017,22.20051632
"Venezuela, RB",2010,21.68286882
"Venezuela, RB",2011,22.03310792
"Venezuela, RB",2012,21.24572753
"Venezuela, RB",2013,20.42894973
"Venezuela, RB",2014,19.10406153
"Venezuela, RB",2015,18.30300574
"Venezuela, RB",2016,16.76799384
"Venezuela, RB",2017,17.00855357
Virgin Islands (U.S.),2010,12.75209971
Virgin Islands (U.S.),2011,12.99373844
Virgin Islands (U.S.),2012,12.23312314
Virgin Islands (U.S.),2013,11.95551314
Virgin Islands (U.S.),2014,11.165816699999999
Virgin Islands (U.S.),2015,11.02889651
Virgin Islands (U.S.),2016,10.26484343
Virgin Islands (U.S.),2017,10.26531228
Vietnam,2010,39.36539699
Vietnam,2011,38.4869748
Vietnam,2012,37.22745154
Vietnam,2013,36.83590641
Vietnam,2014,34.89601505
Vietnam,2015,32.46644382
Vietnam,2016,30.24131157
Vietnam,2017,29.62672834
Vanuatu,2010,14.12951255
Vanuatu,2011,14.38296402
Vanuatu,2012,13.24245239
Vanuatu,2013,12.74069289
Vanuatu,2014,11.93385168
Vanuatu,2015,12.15721001
Vanuatu,2016,11.59090896
Vanuatu,2017,11.65277703
World,2010,50.25195331
World,2011,50.77086105
World,2012,47.53283944
World,2013,47.94744361
World,2014,45.94374997
World,2015,47.2308656
World,2016,45.15637995
World,2017,45.52855865
Samoa,2010,14.28809394
Samoa,2011,14.69309609
Samoa,2012,13.62788239
Samoa,2013,13.38252208
Samoa,2014,12.64355999
Samoa,2015,12.32179572
Samoa,2016,11.36629822
Samoa,2017,11.54802701
"Yemen, Rep.",2010,45.97946993
"Yemen, Rep.",2011,50.83529078
"Yemen, Rep.",2012,51.43445402
"Yemen, Rep.",2013,52.99844335
"Yemen, Rep.",2014,48.33865267
"Yemen, Rep.",2015,54.26028666
"Yemen, Rep.",2016,50.12762567
"Yemen, Rep.",2017,50.45600689
South Africa,2010,27.13858684
South Africa,2011,26.55787322
South Africa,2012,26.57708662
South Africa,2013,26.72926171
South Africa,2014,26.72221238
South Africa,2015,26.11297177
South Africa,2016,25.14041614
South Africa,2017,25.10220499
Zambia,2010,28.836378600000003
Zambia,2011,28.98711674
Zambia,2012,29.74203953
Zambia,2013,29.11222078
Zambia,2014,28.49325189
Zambia,2015,28.37545168
Zambia,2016,27.35567371
Zambia,2017,27.43803476
Zimbabwe,2010,23.231478699999997
Zimbabwe,2011,23.07421266
Zimbabwe,2012,23.19809712
Zimbabwe,2013,23.11108755
Zimbabwe,2014,22.80594966
Zimbabwe,2015,21.73370858
Zimbabwe,2016,21.72694718
Zimbabwe,2017,22.25167109
